period,WCRFPUS2,WCEIMUS2,WCREXUS2,WCRRIUS2,WCESTUS1,W_EPC0_SAX_YCUOK_MBBL,WDIRPUS2,WDIIMUS2,WDIEXUS2,WDIUPUS2,WDISTUS1,WDISTP11,WDISTP21,WDISTP31,WDISTP41,WDISTP51,RWTC,EER_EPD2DXL0_PF4_Y35NY_DPG
2015-01-02,9.2,7.251,0.45,15.706,385.0,33.0,5.065,0.475,1.1,4.423,137.0,41.704,36.311,43.176,4.382,11.428,50.0,1.606
2015-01-09,9.236,6.866,0.897,15.688,387.576,32.464,5.019,0.423,1.053,4.305,139.294,42.173,36.69,44.452,4.447,11.531,50.504,1.599
2015-01-16,9.189,7.066,0.493,15.606,389.786,35.745,5.002,0.505,1.388,4.136,141.723,42.527,38.251,44.916,4.531,11.497,51.449,1.612
2015-01-23,9.261,6.989,0.1,15.55,392.96,37.984,4.944,0.453,1.277,4.563,143.589,43.131,39.461,44.601,4.715,11.681,54.056,1.665
2015-01-30,9.335,7.34,0.1,15.558,396.866,39.522,5.006,0.472,1.17,4.658,145.723,43.257,40.831,44.824,4.78,12.032,55.129,1.672
2015-02-06,9.223,7.206,0.235,15.628,400.531,40.394,4.958,0.38,0.928,4.544,148.672,43.519,42.047,45.922,4.951,12.232,56.666,1.733
2015-02-13,9.177,7.102,0.251,15.564,404.305,40.899,5.045,0.282,1.147,4.7,150.136,43.534,41.955,47.267,5.03,12.35,55.668,1.689
2015-02-20,9.229,7.283,0.1,15.491,409.506,43.525,5.048,0.331,1.267,4.729,151.069,43.954,42.751,46.611,5.091,12.662,55.0,1.659
2015-02-27,9.248,7.481,0.1,15.504,418.122,47.515,4.959,0.306,1.552,4.949,145.665,42.912,40.577,45.119,4.863,12.193,54.876,1.683
2015-03-06,9.285,7.576,0.1,15.212,429.248,49.515,4.869,0.219,1.285,4.555,143.972,40.955,40.02,45.689,4.796,12.512,54.958,1.669
2015-03-13,9.267,7.188,0.1,15.342,438.192,49.731,4.724,0.285,1.442,4.437,140.886,39.571,39.065,45.292,4.707,12.251,53.972,1.638
2015-03-20,9.361,7.373,0.555,15.382,445.598,52.033,4.778,0.423,1.387,4.304,140.126,38.543,38.475,46.126,4.656,12.327,56.158,1.666
2015-03-27,9.434,7.18,0.63,15.433,452.689,53.927,4.761,0.489,1.44,3.947,140.034,39.148,38.716,45.297,4.647,12.227,57.587,1.715
2015-04-03,9.453,7.31,0.866,15.627,457.394,56.812,4.562,0.45,1.163,4.14,139.744,38.798,38.497,45.095,4.815,12.539,57.324,1.721
2015-04-10,9.535,7.054,0.643,15.367,461.466,59.197,4.566,0.43,1.347,4.073,139.804,38.314,38.336,45.869,4.709,12.577,58.401,1.753
2015-04-17,9.565,7.266,0.556,15.179,470.686,57.513,4.534,0.459,1.406,4.174,139.468,38.467,37.824,46.066,4.65,12.461,58.84,1.763
2015-04-24,9.514,7.164,0.329,15.392,477.145,58.319,4.73,0.493,1.346,4.507,137.495,37.43,37.723,45.612,4.447,12.284,59.927,1.778
2015-05-01,9.549,6.982,0.1,15.549,483.477,57.201,4.589,0.437,1.387,4.333,135.85,36.463,37.511,45.214,4.454,12.207,53.188,1.615
2015-05-08,9.502,7.28,0.1,15.73,486.495,55.789,4.499,0.411,1.237,4.177,134.431,35.225,37.519,45.241,4.468,11.978,52.929,1.582
2015-05-15,9.578,7.418,0.1,15.808,490.478,55.957,4.656,0.403,1.142,4.134,135.177,35.785,37.688,44.872,4.542,12.289,53.126,1.606
2015-05-22,9.587,7.343,0.1,16.066,492.526,56.693,4.803,0.409,1.081,4.233,136.438,35.135,38.22,46.19,4.572,12.32,54.286,1.637
2015-05-29,9.589,7.741,0.1,16.336,495.598,54.966,4.732,0.374,0.852,4.06,139.117,35.536,38.381,48.536,4.659,12.005,53.057,1.583
2015-06-05,9.565,7.644,0.1,16.505,497.384,56.106,4.685,0.346,1.022,3.909,140.145,35.899,37.648,49.349,4.743,12.506,49.906,1.509
2015-06-12,9.632,7.673,0.1,16.543,499.787,57.025,4.761,0.405,1.201,4.056,140.758,36.247,38.219,49.027,4.823,12.443,47.817,1.452
2015-06-19,9.6,7.749,0.188,16.307,501.257,56.913,4.557,0.442,1.098,4.065,141.03,37.079,38.564,47.827,4.945,12.615,47.594,1.424
2015-06-26,9.556,7.616,0.375,16.553,503.232,55.759,4.438,0.431,1.153,3.683,140.694,36.737,39.067,46.8,5.063,13.027,47.311,1.414
2015-07-03,9.522,7.749,0.636,16.817,501.467,54.655,4.487,0.491,1.118,3.51,142.988,36.627,39.729,48.388,5.085,13.159,49.259,1.443
2015-07-10,9.546,7.634,0.341,16.933,500.697,55.919,4.692,0.424,1.167,3.81,144.37,37.871,39.775,48.308,5.055,13.361,49.232,1.41
2015-07-17,9.552,7.569,0.532,16.785,497.888,54.081,4.68,0.481,1.082,3.876,145.419,38.335,39.793,48.751,5.177,13.363,48.571,1.362
2015-07-24,9.557,7.906,0.747,16.882,496.31,55.386,4.722,0.468,0.981,3.746,147.186,37.556,40.895,50.096,5.324,13.316,47.662,1.314
2015-07-31,9.559,7.645,0.528,16.966,494.243,55.019,4.851,0.61,1.152,3.741,150.368,38.769,41.058,51.612,5.484,13.444,48.344,1.334
2015-08-07,9.661,7.133,0.693,17.113,490.377,54.743,5.044,0.479,1.145,3.771,152.552,39.032,42.172,51.976,5.644,13.729,46.539,1.304
2015-08-14,9.587,7.606,0.828,16.84,487.582,52.69,4.96,0.404,1.41,3.917,152.365,39.693,41.878,51.277,5.757,13.759,45.899,1.271
2015-08-21,9.519,8.189,0.602,16.691,490.386,52.708,4.946,0.407,1.366,3.704,153.399,40.915,42.274,50.86,5.757,13.593,43.92,1.245
2015-08-28,9.444,8.002,0.249,16.692,492.585,53.499,5.104,0.41,1.204,3.624,156.705,42.292,43.423,51.223,5.879,13.888,45.639,1.291
2015-09-04,9.467,7.514,0.1,16.564,494.117,51.929,4.932,0.5,1.355,3.744,157.63,43.692,43.8,50.793,5.783,13.561,45.551,1.303
2015-09-11,9.513,7.478,0.1,16.263,497.36,52.634,5.027,0.431,1.399,3.788,158.226,44.296,43.558,50.922,5.795,13.655,44.013,1.256
2015-09-18,9.473,7.452,0.277,16.233,500.68,52.688,4.921,0.465,1.447,3.938,157.809,45.295,43.153,50.197,5.665,13.499,43.602,1.23
2015-09-25,9.395,7.449,0.1,16.218,501.933,51.867,4.94,0.509,1.545,3.777,158.339,44.498,43.421,51.085,5.605,13.73,43.88,1.253
2015-10-02,9.33,7.242,0.186,16.122,502.208,52.801,4.927,0.522,1.385,3.91,159.513,45.144,43.588,51.405,5.623,13.753,42.401,1.198
2015-10-09,9.365,7.445,0.427,16.057,502.138,50.837,4.853,0.443,1.326,4.14,157.296,44.924,42.873,50.801,5.512,13.186,40.693,1.168
2015-10-16,9.395,7.594,0.634,15.931,503.144,52.155,4.794,0.513,1.272,4.235,155.878,45.022,42.761,49.536,5.474,13.085,39.017,1.117
2015-10-23,9.405,7.267,1.081,16.091,499.712,54.692,4.862,0.561,1.085,4.262,155.272,45.573,42.319,49.106,5.463,12.811,38.551,1.137
2015-10-30,9.337,7.486,1.356,15.866,496.016,56.609,4.982,0.568,1.068,4.251,156.65,45.949,43.721,48.735,5.291,12.953,37.081,1.108
2015-11-06,9.334,7.958,0.893,15.74,498.063,57.071,4.977,0.553,1.264,4.13,156.796,46.897,43.795,48.164,5.221,12.719,35.786,1.107
2015-11-13,9.322,7.921,1.328,15.737,496.444,56.763,4.992,0.545,1.277,4.16,157.097,48.027,43.413,48.1,5.253,12.303,33.52,1.032
2015-11-20,9.316,7.779,1.012,15.873,495.656,56.234,5.049,0.523,1.083,4.401,157.499,48.419,43.609,48.118,5.389,11.964,33.354,1.035
2015-11-27,9.348,7.708,1.233,15.634,496.426,56.26,4.955,0.546,0.9,4.376,158.957,48.746,43.083,49.748,5.418,11.961,32.64,1.043
2015-12-04,9.332,7.818,1.117,15.479,498.341,57.297,5.033,0.532,1.173,4.235,160.438,49.371,42.835,50.559,5.508,12.165,32.231,1.068
2015-12-11,9.344,7.392,0.88,15.252,500.362,56.724,5.101,0.474,1.164,4.188,162.421,49.111,43.513,51.943,5.566,12.287,32.525,1.105
2015-12-18,9.314,7.468,0.273,15.385,504.115,58.07,5.315,0.417,1.084,4.261,165.047,48.902,44.677,53.231,5.631,12.605,32.768,1.109
2015-12-25,9.3,7.41,0.278,15.32,507.564,60.745,5.216,0.387,1.069,4.228,166.774,49.363,44.855,54.227,5.62,12.708,33.187,1.152
2016-01-01,9.307,7.858,0.1,15.377,514.362,60.553,5.127,0.417,0.901,4.338,169.612,50.781,45.396,54.582,5.761,13.093,33.162,1.136
2016-01-08,9.178,7.774,0.298,15.576,519.161,59.074,5.164,0.427,1.144,4.429,170.773,50.444,46.013,55.721,5.686,12.909,31.824,1.113
2016-01-15,9.14,8.116,0.809,15.533,524.012,57.973,5.195,0.447,1.102,4.557,172.396,51.015,46.655,55.857,5.722,13.148,30.003,1.034
2016-01-22,9.095,7.783,0.525,15.623,528.16,59.51,5.094,0.477,1.298,4.742,170.26,49.273,46.167,55.723,5.643,13.454,27.677,0.972
2016-01-29,9.046,7.893,0.628,15.606,531.87,59.904,5.023,0.438,1.284,4.816,167.047,47.622,45.792,54.886,5.528,13.219,25.942,0.864
2016-02-05,9.024,7.927,0.403,15.73,535.056,61.333,5.047,0.521,1.453,4.561,165.749,46.09,45.917,55.142,5.431,13.169,25.126,0.815
2016-02-12,9.109,7.697,0.253,15.792,538.995,61.008,4.94,0.489,1.435,4.356,165.606,46.497,46.081,54.514,5.403,13.111,23.053,0.765
2016-02-19,9.031,7.749,0.555,15.66,541.968,62.333,4.889,0.453,1.499,4.318,164.371,46.363,45.96,53.788,5.298,12.962,24.439,0.768
2016-02-26,9.075,8.023,0.554,15.628,547.112,62.389,4.889,0.471,1.533,4.22,163.415,45.907,45.844,53.553,5.273,12.839,24.374,0.771
2016-03-04,8.947,7.909,1.087,15.785,549.882,61.886,4.967,0.356,1.548,4.025,162.967,45.443,46.21,53.259,5.282,12.773,23.632,0.782
2016-03-11,8.922,7.523,0.848,15.815,549.029,61.932,4.882,0.319,1.525,3.972,163.583,44.241,46.664,54.368,5.209,13.102,26.423,0.85
2016-03-18,8.927,7.588,1.103,15.578,550.148,61.178,4.699,0.384,1.431,3.917,163.033,43.745,45.156,56.55,5.047,12.534,27.327,0.855
2016-03-25,8.953,7.451,1.037,15.708,551.951,64.163,4.543,0.284,1.635,3.833,160.918,42.773,45.129,55.707,4.994,12.316,27.703,0.853
2016-04-01,8.977,7.469,1.194,15.566,551.993,64.34,4.475,0.358,1.432,3.815,160.594,43.002,45.351,55.059,4.868,12.314,27.942,0.844
2016-04-08,8.997,7.547,0.948,15.848,553.375,65.381,4.413,0.436,1.389,4.032,158.441,43.511,44.38,53.698,4.852,11.999,30.035,0.897
2016-04-15,8.941,7.256,0.871,16.038,552.954,64.998,4.465,0.392,1.355,4.042,158.015,42.493,44.022,54.159,5.01,12.331,33.424,0.982
2016-04-22,8.885,7.048,0.791,16.106,551.942,64.209,4.411,0.391,1.379,4.406,155.034,41.378,43.557,52.932,5.051,12.116,34.535,0.999
2016-04-29,8.915,7.348,0.512,16.169,552.884,64.562,4.411,0.433,1.291,4.323,153.137,40.276,42.829,52.955,5.047,12.03,35.711,1.063
2016-05-06,8.873,7.37,0.739,16.193,554.626,66.396,4.403,0.377,1.317,4.177,151.136,39.42,42.056,52.428,4.993,12.239,38.482,1.118
2016-05-13,8.77,6.943,0.918,16.373,549.269,65.517,4.425,0.404,1.276,4.101,149.429,38.735,41.754,51.527,5.069,12.344,37.446,1.119
2016-05-20,8.692,7.341,1.045,16.387,544.795,64.383,4.601,0.339,1.059,4.077,148.889,38.134,40.927,52.551,4.859,12.418,41.523,1.196
2016-05-27,8.638,7.549,1.431,16.514,537.649,64.559,4.683,0.296,1.093,4.082,148.678,38.762,40.277,52.212,4.834,12.592,45.958,1.301
2016-06-03,8.676,7.502,1.714,16.731,529.087,65.033,4.69,0.243,0.976,4.346,146.973,37.762,40.066,51.76,4.849,12.536,43.282,1.271
2016-06-10,8.682,7.327,1.394,16.71,520.617,66.624,4.659,0.262,0.8,4.091,147.933,37.44,39.966,52.604,4.859,13.064,43.261,1.297
2016-06-17,8.715,7.662,1.364,16.697,514.521,66.434,4.638,0.322,0.903,4.159,148.284,36.911,39.962,53.202,4.94,13.269,42.355,1.268
2016-06-24,8.67,7.823,1.041,16.606,512.853,66.556,4.693,0.296,1.032,4.11,148.561,36.949,39.257,54.185,4.949,13.221,42.907,1.296
2016-07-01,8.666,8.398,0.978,16.553,512.798,66.69,4.762,0.215,1.14,3.787,149.096,36.721,39.41,54.839,4.998,13.128,43.17,1.308
2016-07-08,8.686,8.425,0.742,16.39,513.909,64.693,4.687,0.161,1.232,3.906,148.064,36.374,39.153,54.561,4.9,13.077,45.342,1.344
2016-07-15,8.642,8.438,1.22,16.632,512.512,63.258,4.714,0.2,0.981,4.083,146.859,36.315,39.177,53.521,4.83,13.017,46.241,1.384
2016-07-22,8.649,8.324,1.226,16.972,507.585,61.933,4.554,0.311,0.855,3.889,146.722,36.25,38.787,54.063,4.804,12.819,46.079,1.411
2016-07-29,8.584,8.448,1.058,17.166,502.931,60.553,4.631,0.322,1.188,3.875,145.76,36.72,37.68,53.811,4.768,12.781,46.774,1.428
2016-08-05,8.545,8.501,1.347,16.84,498.619,61.745,4.746,0.29,1.062,3.594,146.73,37.047,37.678,54.54,4.715,12.75,47.882,1.459
2016-08-12,8.509,8.679,0.57,16.907,498.859,62.097,4.749,0.329,1.177,3.45,148.299,38.482,38.395,53.594,4.832,12.996,46.477,1.431
2016-08-19,8.428,8.428,0.1,17.04,500.066,62.101,4.943,0.307,1.1,3.711,149.171,39.08,38.941,53.048,4.916,13.186,44.566,1.356
2016-08-26,8.459,8.243,0.382,16.838,499.568,59.12,4.86,0.284,1.139,3.684,149.564,39.504,38.676,53.321,4.992,13.071,47.927,1.451
2016-09-02,8.423,8.081,0.471,16.736,497.777,61.802,4.897,0.236,1.078,3.567,151.488,40.628,39.886,52.413,5.04,13.521,47.752,1.428
2016-09-09,8.46,8.227,0.599,16.317,496.608,60.658,4.907,0.33,1.185,3.696,152.788,41.122,40.823,52.505,4.924,13.414,48.307,1.439
2016-09-16,8.521,8.496,0.23,16.303,498.98,62.938,4.913,0.191,1.215,3.687,152.483,41.571,40.507,52.375,4.873,13.157,48.479,1.489
2016-09-23,8.573,8.277,0.327,16.078,501.425,60.865,4.921,0.266,1.164,3.695,153.609,42.457,40.255,52.487,5.165,13.245,49.451,1.501
2016-09-30,8.631,8.106,1.013,16.077,498.951,59.862,4.95,0.26,1.044,3.904,153.845,43.135,40.34,51.729,5.241,13.4,51.762,1.54
2016-10-07,8.636,8.128,1.209,15.805,497.168,57.485,5.043,0.26,1.121,3.775,155.129,43.417,41.969,51.083,5.242,13.418,52.335,1.582
2016-10-14,8.624,8.02,1.171,15.901,495.067,58.894,5.168,0.378,0.99,3.72,159.083,45.519,42.353,51.792,5.411,14.008,50.234,1.507
2016-10-21,8.64,8.193,0.958,16.051,493.43,58.473,5.147,0.343,1.099,3.852,161.151,46.167,43.037,51.9,5.538,14.51,48.578,1.459
2016-10-28,8.56,7.624,0.803,15.904,490.344,58.229,5.205,0.319,1.472,4.096,160.317,46.926,42.797,50.958,5.407,14.228,48.093,1.482
2016-11-04,8.514,7.481,0.159,15.741,491.029,57.766,5.117,0.332,1.605,4.34,157.706,46.751,42.449,49.653,5.445,13.408,47.808,1.475
2016-11-11,8.49,7.374,0.36,15.466,489.705,59.821,5.18,0.375,1.629,4.235,154.721,46.743,41.496,48.0,5.28,13.202,46.151,1.406
2016-11-18,8.493,6.948,0.699,15.54,485.194,61.455,5.095,0.363,1.545,4.413,150.744,45.069,41.223,46.552,5.14,12.76,48.008,1.465
2016-11-25,8.584,6.905,0.245,15.561,482.293,64.034,5.193,0.293,1.236,4.284,149.281,43.741,40.8,47.286,5.071,12.383,47.164,1.426
2016-12-02,8.583,6.881,0.156,15.441,478.424,63.412,5.373,0.277,1.07,4.602,148.165,43.14,41.235,46.563,5.103,12.124,49.786,1.518
2016-12-09,8.617,7.018,0.1,15.654,479.336,63.97,5.307,0.384,1.276,4.384,146.378,42.085,40.895,46.471,5.006,11.922,52.618,1.579
2016-12-16,8.75,7.418,0.1,15.693,482.774,62.819,5.068,0.403,1.172,4.606,144.038,41.007,40.411,45.734,4.844,12.043,51.982,1.601
2016-12-23,8.761,7.439,0.1,15.634,486.725,63.01,5.023,0.439,1.101,4.466,142.496,41.079,39.695,44.973,4.819,11.931,52.535,1.663
2016-12-30,8.839,7.285,0.1,15.665,490.826,63.022,5.146,0.428,1.113,4.781,140.612,41.12,38.741,43.921,4.679,12.15,51.182,1.626
2017-01-06,8.805,7.378,0.1,15.931,494.547,64.175,5.183,0.397,1.007,4.803,139.031,40.641,38.786,42.799,4.64,12.166,52.337,1.652
2017-01-13,8.826,7.698,0.398,16.071,498.185,65.766,5.183,0.501,0.901,4.562,139.33,40.346,39.985,42.193,4.721,12.085,51.993,1.654
2017-01-20,8.802,7.511,0.417,16.066,499.833,67.072,5.249,0.48,0.97,4.445,140.894,40.284,40.647,43.04,4.806,12.116,50.482,1.604
2017-01-27,8.824,7.379,0.1,16.167,501.38,66.161,5.253,0.448,0.915,4.557,142.233,40.837,40.688,43.761,4.834,12.114,49.946,1.604
2017-02-03,8.916,7.599,0.1,15.974,504.158,67.52,5.32,0.505,0.892,4.685,142.919,40.873,41.103,43.521,4.952,12.469,49.146,1.583
2017-02-10,8.84,7.608,0.304,15.99,507.311,67.521,5.344,0.449,0.868,4.602,144.035,40.404,41.506,44.106,5.183,12.835,48.557,1.568
2017-02-17,8.913,7.81,0.1,16.015,512.658,67.275,5.415,0.409,1.019,4.549,143.978,40.643,41.987,43.453,5.123,12.772,49.68,1.598
2017-02-24,8.964,7.831,0.1,15.939,518.807,66.718,5.364,0.408,1.042,4.614,143.749,39.911,42.714,43.322,5.095,12.707,48.317,1.56
2017-03-03,8.958,8.009,0.1,16.013,526.881,66.497,5.371,0.404,1.067,4.559,143.853,40.097,42.584,43.645,4.95,12.577,50.576,1.603
2017-03-10,8.907,7.774,0.142,15.892,533.115,68.914,5.264,0.412,1.189,4.28,144.613,39.739,43.19,44.035,5.038,12.611,48.49,1.527
2017-03-17,8.961,7.815,0.103,15.996,539.151,69.331,5.15,0.517,1.19,4.127,145.633,40.167,43.275,44.651,5.047,12.493,50.372,1.552
2017-03-24,8.973,7.809,0.398,16.097,542.019,69.58,5.265,0.502,1.174,4.164,147.247,40.479,43.186,46.063,5.148,12.371,48.453,1.494
2017-03-31,9.032,7.588,0.685,15.673,545.326,69.36,5.221,0.337,1.259,4.344,146.26,39.722,42.472,46.639,5.082,12.345,47.851,1.474
2017-04-07,9.07,7.338,1.298,15.97,538.109,72.225,5.236,0.352,1.353,4.545,144.674,38.983,41.516,46.472,5.168,12.535,46.523,1.429
2017-04-14,9.2,7.637,1.179,15.595,535.095,72.486,5.186,0.345,1.322,4.565,143.015,38.669,40.22,46.335,5.126,12.665,45.28,1.401
2017-04-21,9.197,7.653,1.26,15.687,532.437,70.36,5.081,0.337,1.328,4.496,141.195,38.396,39.752,45.638,5.059,12.351,45.786,1.367
2017-04-28,9.152,7.52,0.769,16.034,529.411,69.046,5.05,0.339,1.22,4.508,139.604,37.092,39.246,45.981,5.051,12.234,47.05,1.376
2017-05-05,9.193,7.622,1.181,16.141,523.441,67.954,5.153,0.323,1.124,4.286,139.34,36.464,38.565,46.912,5.085,12.314,47.964,1.386
2017-05-12,9.231,7.975,0.927,16.083,522.912,67.371,5.157,0.308,1.26,4.186,139.41,35.396,39.111,46.979,5.18,12.744,46.577,1.341
2017-05-19,9.335,7.51,0.787,16.122,520.326,65.866,4.956,0.33,1.326,3.994,139.394,35.62,38.739,47.22,5.136,12.678,47.222,1.4
2017-05-26,9.39,7.312,0.838,16.496,513.765,65.811,4.93,0.282,1.381,3.769,139.908,35.796,38.379,47.816,5.124,12.793,46.168,1.38
2017-06-02,9.41,7.281,0.419,16.377,511.478,66.776,5.091,0.221,1.403,3.84,140.77,35.944,38.347,48.684,5.121,12.675,45.001,1.361
2017-06-09,9.495,7.777,0.624,16.753,509.779,64.399,5.038,0.389,1.389,3.872,142.757,35.566,38.776,50.273,5.079,13.063,44.241,1.337
2017-06-16,9.408,7.913,1.012,16.888,506.735,62.596,4.855,0.317,1.462,3.976,142.276,35.003,38.363,50.684,5.131,13.096,44.915,1.353
2017-06-23,9.375,8.127,1.122,16.833,503.567,61.757,5.043,0.304,1.552,4.038,141.116,34.607,38.544,50.053,4.991,12.921,45.946,1.352
2017-06-30,9.336,7.878,0.648,16.882,502.134,61.031,5.086,0.206,1.621,4.039,140.276,34.388,37.35,50.661,4.964,12.913,44.294,1.313
2017-07-07,9.34,7.68,0.71,16.85,499.189,63.023,5.055,0.216,1.544,4.092,139.464,34.853,36.289,50.088,5.018,13.216,45.836,1.332
2017-07-14,9.288,7.865,1.022,17.097,492.998,63.415,5.006,0.167,1.677,4.042,137.107,35.058,35.817,48.351,5.001,12.879,48.883,1.402
2017-07-21,9.371,7.923,0.488,17.259,489.423,63.559,5.1,0.156,1.632,4.079,136.0,36.741,35.828,45.846,4.859,12.725,50.997,1.398
2017-07-28,9.39,8.075,0.304,17.002,490.813,62.238,5.033,0.23,1.649,3.93,135.097,36.616,35.662,45.191,4.791,12.837,50.806,1.388
2017-08-04,9.334,8.03,0.745,16.97,489.641,61.052,5.134,0.259,1.617,3.992,134.119,37.343,35.094,44.147,4.779,12.757,49.702,1.415
2017-08-11,9.321,8.093,0.918,16.85,487.521,58.716,5.164,0.29,1.587,4.095,134.041,37.253,34.683,44.411,4.786,12.908,51.089,1.48
2017-08-18,9.393,8.112,1.101,17.051,484.798,59.197,5.164,0.187,1.436,3.97,134.725,37.345,35.439,43.737,4.971,13.233,48.888,1.466
2017-08-25,9.487,8.259,1.684,16.788,481.223,59.157,5.159,0.306,1.501,3.992,135.428,37.938,35.608,43.588,4.955,13.338,51.915,1.582
2017-09-01,9.635,8.379,1.735,16.996,477.204,59.893,5.13,0.237,1.832,3.91,134.628,37.052,36.265,43.424,4.762,13.125,52.636,1.619
2017-09-08,9.813,7.936,1.836,16.893,470.665,58.729,5.22,0.334,1.679,3.867,135.455,37.872,36.454,42.907,4.859,13.364,55.487,1.682
2017-09-15,9.808,7.438,2.534,16.621,461.83,57.769,5.123,0.386,1.614,3.745,137.788,38.419,37.03,43.711,4.888,13.739,53.598,1.623
2017-09-22,9.725,7.75,2.218,16.459,455.295,57.237,4.98,0.406,1.495,4.038,138.434,37.774,38.679,43.278,4.773,13.929,55.601,1.701
2017-09-29,9.593,8.036,1.792,16.298,451.443,57.5,5.07,0.346,1.395,4.248,138.908,39.237,38.433,42.931,4.742,13.564,56.124,1.714
2017-10-06,9.636,7.774,1.821,16.09,447.102,55.007,5.147,0.355,1.579,4.339,138.576,38.961,38.416,42.809,4.782,13.608,56.45,1.772
2017-10-13,9.609,7.376,1.85,16.125,441.062,55.333,5.196,0.332,1.438,4.65,137.035,37.901,38.359,42.849,4.634,13.292,55.528,1.744
2017-10-20,9.615,7.484,1.586,15.953,435.973,54.655,5.232,0.343,1.351,4.56,136.762,38.456,38.365,42.285,4.742,12.915,57.68,1.83
2017-10-27,9.612,7.749,1.225,15.676,437.115,52.866,5.196,0.338,1.137,5.01,134.568,37.986,38.144,41.14,4.63,12.668,59.999,1.864
2017-11-03,9.642,8.148,1.942,15.73,435.171,50.199,5.269,0.239,1.073,4.855,134.745,38.824,38.09,40.537,4.61,12.683,63.334,1.964
2017-11-10,9.742,8.183,1.922,15.568,435.655,50.104,5.253,0.335,0.899,4.813,135.621,38.853,38.34,41.125,4.544,12.758,65.012,2.03
2017-11-17,9.771,8.012,1.591,15.604,435.892,51.664,5.201,0.348,1.064,4.681,136.877,39.52,38.747,41.118,4.631,12.861,64.511,1.989
2017-11-24,9.78,7.759,1.823,15.619,433.691,53.055,5.176,0.337,1.478,4.702,135.896,39.51,38.509,40.525,4.566,12.786,63.845,1.965
2017-12-01,9.738,7.753,1.703,15.645,430.944,52.612,5.365,0.325,1.398,4.797,135.78,39.639,39.261,39.871,4.415,12.594,62.836,1.918
2017-12-08,9.67,7.679,1.567,16.103,426.109,53.811,5.178,0.368,1.164,4.723,135.465,39.766,39.461,39.419,4.555,12.264,65.115,1.959
2017-12-15,9.691,7.461,1.704,16.183,420.536,52.438,5.228,0.333,1.312,4.969,133.817,39.492,39.311,38.553,4.484,11.977,64.483,1.96
2017-12-22,9.737,7.961,1.261,16.279,418.361,52.308,5.071,0.231,1.218,4.919,132.394,39.516,39.426,37.144,4.412,11.896,66.687,2.005
2017-12-29,9.887,8.302,1.401,16.052,417.786,50.532,5.085,0.296,1.406,4.885,130.502,39.218,38.209,37.066,4.394,11.615,67.386,2.019
2018-01-05,9.913,8.433,1.984,16.037,416.886,48.914,5.065,0.353,1.352,4.668,129.679,38.83,37.626,37.561,4.459,11.204,68.036,2.051
2018-01-12,10.007,8.087,2.03,16.15,414.588,47.313,4.898,0.359,1.263,4.704,127.93,38.253,37.72,36.269,4.479,11.21,67.903,2.009
2018-01-19,10.001,8.202,1.819,16.048,414.341,44.384,4.985,0.311,1.251,4.641,126.032,36.698,37.838,36.247,4.324,10.925,69.359,2.076
2018-01-26,9.962,8.248,1.615,16.248,412.364,45.596,4.982,0.339,1.363,4.512,125.195,36.348,36.826,36.736,4.268,11.017,69.906,2.088
2018-02-02,9.952,8.244,1.486,16.084,412.455,44.316,4.822,0.274,1.324,4.377,123.584,35.762,36.088,36.998,4.097,10.64,69.651,2.099
2018-02-09,9.965,8.421,1.434,16.081,412.376,42.99,4.956,0.245,1.259,4.816,120.904,34.376,36.114,36.056,4.037,10.322,70.703,2.143
2018-02-16,10.155,8.43,1.36,16.027,416.293,41.385,5.114,0.235,1.245,4.691,119.044,34.312,35.522,35.272,3.876,10.062,70.577,2.165
2018-02-23,10.137,8.463,1.694,16.092,419.064,41.047,5.242,0.312,1.095,4.394,120.589,33.754,36.765,36.139,3.878,10.053,69.815,2.143
2018-03-02,10.23,8.471,1.17,16.021,423.6,42.813,5.239,0.305,1.191,4.272,122.274,34.557,36.922,36.842,3.897,10.055,70.819,2.124
2018-03-09,10.207,8.415,1.535,16.021,424.359,44.463,5.206,0.292,0.985,4.27,124.725,34.826,37.5,37.867,3.987,10.545,71.034,2.13
2018-03-16,10.307,7.906,1.459,16.032,425.701,41.525,5.292,0.411,0.995,4.357,127.822,35.611,38.161,39.102,4.073,10.876,71.757,2.154
2018-03-23,10.361,7.913,1.629,15.975,425.563,40.485,5.39,0.415,1.159,4.421,129.679,35.752,39.201,39.5,4.243,10.982,71.186,2.127
2018-03-30,10.379,7.781,1.319,16.128,426.181,38.777,5.416,0.415,1.231,4.484,130.55,34.831,40.073,40.512,4.322,10.812,69.28,2.09
2018-04-06,10.409,7.519,1.812,16.231,424.247,39.509,5.248,0.374,1.326,4.316,132.045,35.055,39.965,41.849,4.428,10.748,71.568,2.124
2018-04-13,10.403,7.964,2.187,16.287,422.142,39.195,5.215,0.325,1.317,4.333,133.368,35.373,40.001,42.766,4.388,10.84,73.028,2.118
2018-04-20,10.471,8.333,2.405,16.305,420.41,37.801,5.208,0.196,1.47,4.145,133.071,35.212,39.931,42.766,4.453,10.71,73.777,2.135
2018-04-27,10.48,8.55,1.842,16.532,421.395,37.339,4.998,0.264,1.561,4.029,131.213,34.191,38.874,43.3,4.307,10.541,72.688,2.077
2018-05-04,10.448,8.482,2.099,16.587,420.971,36.237,5.035,0.288,1.572,3.884,130.48,33.162,38.875,43.624,4.463,10.355,72.037,2.041
2018-05-11,10.427,8.671,2.182,16.65,420.271,37.529,5.226,0.27,1.643,3.719,131.452,32.26,39.325,44.807,4.596,10.464,73.595,2.062
2018-05-18,10.504,8.528,1.65,16.789,420.851,37.261,5.232,0.256,1.677,3.943,131.215,32.95,39.196,43.912,4.558,10.599,72.981,2.064
2018-05-25,10.658,8.457,1.704,17.165,420.63,37.055,5.311,0.292,1.55,4.059,130.182,31.984,38.398,44.369,4.568,10.862,72.173,2.033
2018-06-01,10.704,8.115,1.868,17.033,419.479,33.092,5.259,0.193,1.331,4.195,129.355,32.289,37.737,44.576,4.297,10.455,74.756,2.093
2018-06-08,10.731,8.156,2.061,17.254,416.423,32.655,5.195,0.166,1.385,4.149,128.098,31.857,37.016,44.516,4.288,10.421,74.209,2.077
2018-06-15,10.784,8.112,2.107,17.044,413.392,34.543,5.185,0.113,1.444,4.228,126.09,31.223,35.713,44.726,4.268,10.161,76.29,2.138
2018-06-22,10.896,7.773,2.182,17.198,410.203,35.093,5.071,0.231,1.563,3.884,124.557,31.095,34.993,44.156,4.239,10.075,74.007,2.103
2018-06-29,10.927,7.773,2.601,17.525,400.614,31.915,4.969,0.276,1.394,4.029,122.263,30.531,34.585,43.162,4.123,9.862,74.444,2.122
2018-07-06,10.922,7.762,2.867,17.618,391.339,30.933,5.089,0.142,1.263,4.037,121.494,31.241,33.668,42.424,4.061,10.1,76.959,2.194
2018-07-13,11.017,8.161,1.851,17.634,389.204,29.043,5.198,0.074,1.336,4.117,120.221,31.067,32.81,42.454,3.86,10.03,76.591,2.194
2018-07-20,11.059,8.276,1.806,17.521,389.242,30.607,5.075,0.097,1.326,4.144,117.645,30.76,31.457,41.822,3.792,9.814,76.178,2.155
2018-07-27,11.167,8.167,1.82,17.498,389.643,30.118,5.155,0.097,1.082,3.951,117.705,30.968,31.735,41.17,3.7,10.133,74.734,2.112
2018-08-03,11.179,8.126,1.358,17.413,393.05,28.486,5.128,0.052,1.18,3.719,117.538,31.662,30.875,41.035,3.78,10.187,76.537,2.161
2018-08-10,11.113,8.042,1.546,17.239,394.156,27.936,5.148,0.198,0.97,3.664,119.261,33.03,30.666,41.323,3.884,10.359,76.536,2.162
2018-08-17,11.058,7.913,2.046,17.145,393.372,24.462,5.178,0.226,0.919,3.831,121.579,34.258,30.719,42.059,3.976,10.567,77.574,2.175
2018-08-24,11.203,7.61,1.749,17.116,393.249,23.231,5.253,0.26,1.178,3.99,121.962,34.865,30.441,42.539,3.94,10.176,76.283,2.123
2018-08-31,11.331,7.564,1.942,16.92,392.093,23.352,5.234,0.226,1.446,3.795,121.706,35.067,29.831,42.698,3.956,10.155,78.61,2.18
2018-09-07,11.326,7.39,1.723,16.732,394.935,24.212,5.342,0.279,1.265,3.707,123.98,36.185,30.277,42.873,4.018,10.628,80.039,2.226
2018-09-14,11.318,7.131,1.626,16.476,395.309,21.707,5.332,0.263,1.236,3.686,125.054,36.496,30.956,43.033,3.925,10.644,79.349,2.227
2018-09-21,11.43,7.305,2.196,16.516,395.461,21.292,5.356,0.258,1.261,3.734,126.093,36.48,32.064,42.814,3.993,10.742,77.562,2.175
2018-09-28,11.372,7.41,2.049,16.555,399.19,22.362,5.246,0.306,1.508,3.62,126.51,37.123,31.429,43.415,3.922,10.621,79.793,2.234
2018-10-05,11.347,7.008,2.237,16.529,399.688,20.384,5.43,0.224,1.409,3.526,128.009,38.099,32.237,42.85,3.888,10.936,79.179,2.225
2018-10-12,11.426,7.045,1.69,16.612,402.157,22.016,5.428,0.339,1.332,3.553,131.411,39.352,33.036,43.91,4.036,11.078,75.477,2.176
2018-10-19,11.435,7.313,2.377,16.544,403.97,23.314,5.449,0.355,1.534,3.727,132.708,40.198,32.816,44.757,4.068,10.869,70.667,2.057
2018-10-26,11.472,7.536,2.551,16.536,404.409,26.337,5.259,0.431,1.446,3.67,133.756,40.521,32.873,45.534,4.092,10.737,67.99,2.013
2018-11-02,11.501,7.7,2.459,16.52,407.667,26.788,5.179,0.364,1.518,3.8,133.657,40.531,33.508,44.578,4.041,11.0,64.376,1.933
2018-11-09,11.561,7.609,2.616,16.454,410.166,27.385,5.302,0.322,1.29,4.097,133.763,40.656,33.911,43.749,4.167,11.28,61.604,1.844
2018-11-16,11.681,7.336,2.15,16.343,414.839,29.162,5.314,0.276,1.277,3.961,134.975,41.153,33.962,44.381,4.222,11.257,61.071,1.832
2018-11-23,11.705,7.06,2.557,16.673,415.675,28.357,5.126,0.319,1.074,4.031,136.01,41.476,34.793,44.256,4.283,11.202,58.592,1.739
2018-11-30,11.765,7.148,2.435,16.544,419.098,29.099,5.241,0.344,0.99,4.287,137.052,42.445,34.339,44.811,4.381,11.076,57.176,1.709
2018-12-07,11.659,7.223,2.377,16.414,422.228,29.607,5.19,0.336,1.169,4.263,137.083,42.127,34.077,45.363,4.452,11.062,54.401,1.635
2018-12-14,11.687,7.479,2.248,16.48,428.208,30.533,5.324,0.3,1.197,4.22,137.596,43.598,33.677,44.812,4.478,11.031,52.383,1.608
2018-12-21,11.667,7.639,2.121,16.507,435.004,32.531,5.295,0.258,1.184,4.463,136.593,42.981,34.1,43.753,4.536,11.223,52.81,1.6
2018-12-28,11.633,7.494,2.405,16.278,440.139,33.977,5.296,0.292,1.118,4.422,137.015,43.006,34.502,43.389,4.633,11.485,49.582,1.529
2019-01-04,11.63,7.131,2.505,16.472,442.845,33.872,5.383,0.295,1.134,4.613,136.665,42.596,34.581,43.551,4.508,11.428,47.91,1.505
2019-01-11,11.666,7.042,2.707,16.438,444.48,34.934,5.263,0.285,1.215,4.655,136.252,43.562,34.528,42.303,4.376,11.484,45.618,1.47
2019-01-18,11.774,7.088,2.674,16.25,447.82,37.444,5.155,0.399,1.368,4.561,135.611,42.657,34.759,42.437,4.385,11.373,47.714,1.506
2019-01-25,11.73,7.032,2.807,16.435,450.185,37.069,5.138,0.399,1.022,4.613,136.203,42.925,35.377,41.966,4.4,11.535,46.532,1.479
2019-02-01,11.781,6.904,2.638,16.489,452.853,38.015,5.214,0.472,0.978,4.625,137.82,42.845,35.594,43.479,4.447,11.456,47.36,1.511
2019-02-08,11.796,6.984,3.3,16.239,452.807,38.571,5.077,0.43,1.072,4.74,137.474,42.101,34.987,44.622,4.383,11.38,46.695,1.525
2019-02-15,11.822,6.881,2.694,16.487,454.315,39.33,4.933,0.436,1.113,4.575,136.635,42.14,34.977,43.768,4.385,11.366,47.374,1.508
2019-02-22,11.927,6.773,3.062,16.51,455.825,38.385,5.04,0.423,1.212,4.53,136.6,42.086,35.144,43.818,4.261,11.291,48.188,1.511
2019-03-01,11.988,6.893,3.391,16.425,456.08,41.145,4.993,0.32,1.274,4.47,136.066,41.602,35.027,43.647,4.28,11.51,47.229,1.55
2019-03-08,12.089,6.833,2.992,16.596,458.787,41.122,4.972,0.406,1.248,4.537,135.738,41.374,35.073,43.817,4.199,11.274,48.56,1.565
2019-03-15,12.085,6.928,3.601,16.521,459.934,43.255,4.82,0.387,1.199,4.306,135.999,39.776,35.637,45.266,4.219,11.102,47.269,1.481
2019-03-22,12.054,7.01,3.722,16.442,459.699,43.32,4.801,0.417,1.197,4.44,135.88,39.742,35.278,45.547,4.127,11.186,48.541,1.5
2019-03-29,12.062,6.767,3.814,16.295,458.826,43.54,4.844,0.356,1.376,4.451,133.93,38.33,35.72,44.96,4.095,10.825,47.957,1.436
2019-04-05,12.101,6.717,3.608,16.38,461.179,45.909,4.96,0.337,1.275,4.167,134.359,38.481,35.514,45.301,4.067,10.995,48.453,1.46
2019-04-12,12.133,7.099,3.374,16.453,465.259,47.735,4.897,0.28,1.282,4.336,134.319,37.283,35.414,46.518,4.063,11.041,48.006,1.474
2019-04-19,12.087,6.834,3.192,16.465,468.099,48.503,5.064,0.348,1.319,4.628,133.38,37.605,35.201,44.938,4.17,11.466,48.03,1.458
2019-04-26,12.126,6.411,3.23,16.38,469.063,49.897,4.985,0.349,1.528,4.657,130.267,35.481,35.531,43.866,4.093,11.296,46.803,1.42
2019-05-03,12.17,6.128,3.567,16.477,467.125,50.029,4.921,0.351,1.453,4.742,126.959,34.488,34.322,42.995,3.891,11.264,47.699,1.463
2019-05-10,12.347,6.317,3.474,16.553,466.333,50.614,5.068,0.404,1.557,4.59,124.86,33.414,33.79,42.515,3.832,11.309,48.342,1.452
2019-05-17,12.455,6.467,3.076,16.45,470.679,50.535,5.067,0.434,1.676,4.183,124.341,32.734,33.455,43.167,3.736,11.248,47.796,1.414
2019-05-24,12.382,6.553,3.281,16.371,472.875,52.365,4.996,0.435,1.603,3.825,125.782,33.3,33.438,44.079,3.639,11.326,47.772,1.415
2019-05-31,12.362,6.913,3.478,16.635,475.693,52.244,4.976,0.314,1.525,3.87,127.632,34.227,33.857,44.086,3.732,11.73,48.16,1.42
2019-06-07,12.28,6.342,3.558,16.389,474.598,54.714,5.096,0.256,1.448,3.768,129.459,34.732,33.616,45.399,3.767,11.945,47.77,1.429
2019-06-14,12.272,6.562,3.654,16.618,468.081,53.553,5.192,0.192,1.392,3.62,132.582,37.011,32.968,46.214,3.957,12.432,48.375,1.441
2019-06-21,12.324,6.99,3.429,16.705,464.925,52.901,5.062,0.235,1.491,3.634,133.585,36.76,33.194,47.362,4.031,12.239,47.686,1.448
2019-06-28,12.424,6.738,3.055,17.041,459.249,53.096,5.027,0.239,1.489,3.751,134.429,37.735,33.238,47.437,4.042,11.977,50.868,1.53
2019-07-05,12.392,6.697,2.777,17.034,456.252,52.35,5.011,0.157,1.487,3.512,136.691,37.749,34.566,48.028,4.123,12.225,52.151,1.57
2019-07-12,12.376,6.578,2.317,17.19,453.649,51.305,4.901,0.158,1.308,3.481,139.471,38.991,35.895,48.424,4.129,12.032,52.161,1.568
2019-07-19,12.278,6.447,2.511,17.139,449.863,50.67,4.897,0.087,1.185,3.77,138.807,38.686,35.618,48.049,4.094,12.361,53.844,1.607
2019-07-26,12.324,6.461,2.572,17.153,443.619,51.084,4.9,0.112,1.49,3.588,140.177,38.666,36.395,48.454,4.052,12.61,51.935,1.519
2019-08-02,12.311,6.853,2.515,17.233,441.32,49.609,5.005,0.044,1.432,3.755,141.562,39.986,36.369,48.408,4.078,12.72,49.305,1.47
2019-08-09,12.337,7.251,1.716,17.089,444.909,48.925,5.096,0.112,1.308,3.674,142.582,40.934,36.891,48.109,4.109,12.539,50.315,1.49
2019-08-16,12.341,7.085,1.59,17.163,447.885,48.433,5.031,0.16,1.494,3.778,143.701,42.139,36.862,47.702,4.151,12.848,49.734,1.47
2019-08-23,12.397,7.439,2.201,16.894,449.844,48.886,4.991,0.285,1.493,3.952,142.275,42.545,36.175,46.552,4.384,12.619,50.783,1.511
2019-08-30,12.346,7.304,2.155,16.843,451.943,48.093,5.038,0.329,1.53,4.038,142.599,43.266,36.402,46.09,4.332,12.51,52.49,1.548
2019-09-06,12.327,7.567,2.427,16.87,451.661,49.464,4.964,0.297,1.467,4.139,141.756,43.559,36.988,44.66,4.3,12.249,55.284,1.644
2019-09-13,12.532,7.365,2.121,16.828,454.682,48.305,5.012,0.342,1.391,3.894,141.847,44.063,37.145,44.168,4.212,12.259,54.638,1.657
2019-09-20,12.496,7.245,2.726,16.961,451.99,47.194,4.989,0.259,1.35,4.065,142.243,44.272,37.7,43.876,4.158,12.237,55.445,1.689
2019-09-27,12.484,7.195,2.736,16.649,449.863,46.285,4.893,0.219,1.159,3.892,144.087,45.229,37.756,44.316,4.2,12.586,55.699,1.67
2019-10-04,12.654,7.766,2.875,16.295,452.931,44.203,4.816,0.261,1.174,3.935,145.059,45.407,37.896,44.968,4.218,12.57,56.475,1.657
2019-10-11,12.859,7.705,3.599,16.06,455.284,43.889,4.972,0.16,1.235,3.975,145.869,45.824,38.572,44.307,4.312,12.854,56.013,1.679
2019-10-18,12.783,7.307,3.936,16.116,452.826,44.327,4.951,0.199,1.485,4.046,144.699,45.406,38.269,43.937,4.258,12.829,58.394,1.751
2019-10-25,12.775,7.352,3.66,16.136,452.645,46.644,5.095,0.178,1.455,4.083,143.373,44.595,38.319,43.645,4.226,12.588,58.139,1.738
2019-11-01,12.816,7.089,3.354,16.094,451.121,47.346,5.016,0.225,1.116,3.927,145.519,45.407,39.119,44.53,4.179,12.284,61.057,1.839
2019-11-08,12.937,6.846,3.191,15.881,450.522,47.544,5.024,0.201,1.136,3.724,148.905,47.198,39.783,45.483,4.198,12.244,60.219,1.798
2019-11-15,12.875,6.954,3.312,16.0,451.853,49.717,5.217,0.265,1.519,3.918,150.331,47.788,40.044,46.007,4.258,12.234,60.953,1.811
2019-11-22,12.874,6.842,3.226,15.802,453.538,51.947,5.059,0.296,1.582,3.965,149.062,47.34,40.114,45.476,4.226,11.906,60.615,1.818
2019-11-29,12.94,6.804,3.071,16.007,453.376,53.538,4.854,0.398,1.413,4.157,147.459,47.093,40.521,44.145,4.213,11.487,60.564,1.807
2019-12-06,12.976,6.712,3.507,16.43,449.363,52.626,4.973,0.404,1.46,4.119,146.781,45.958,40.367,44.809,4.23,11.417,61.579,1.845
2019-12-13,12.946,6.706,3.382,16.398,446.355,52.422,4.875,0.367,1.324,3.869,146.94,46.503,40.083,44.303,4.31,11.74,61.434,1.861
2019-12-20,12.937,6.718,4.008,16.406,439.337,54.933,4.866,0.367,1.135,4.046,147.821,46.509,40.283,44.835,4.183,12.011,58.192,1.775
2019-12-27,12.857,6.207,3.847,16.248,430.271,55.345,4.803,0.306,1.113,3.97,148.594,45.474,40.986,45.912,4.331,11.891,54.727,1.713
2020-01-03,12.863,6.368,4.228,15.92,422.098,55.248,4.825,0.354,1.153,4.02,148.357,45.048,41.244,46.039,4.326,11.701,57.395,1.804
2020-01-10,12.867,6.134,4.105,15.832,418.361,56.389,4.728,0.401,0.929,3.895,150.595,46.057,41.984,46.474,4.437,11.643,56.762,1.792
2020-01-17,12.902,5.845,4.19,15.678,413.975,57.752,4.715,0.541,0.843,4.156,152.395,46.901,42.041,46.961,4.586,11.905,57.11,1.751
2020-01-24,12.884,5.918,3.753,15.267,413.564,57.24,4.756,0.482,0.924,3.955,154.0,47.048,42.022,48.417,4.597,11.916,54.438,1.665
2020-01-31,12.933,6.008,3.365,15.357,414.84,57.833,4.653,0.452,0.934,3.873,155.362,46.889,41.565,50.746,4.486,11.676,50.591,1.589
2020-02-07,13.005,5.909,3.451,15.155,416.436,59.219,4.592,0.41,1.046,3.869,154.799,45.905,41.766,51.046,4.422,11.66,48.369,1.501
2020-02-14,13.014,6.167,3.679,14.955,419.586,58.166,4.569,0.417,0.926,3.666,156.457,46.388,42.192,51.355,4.506,12.016,46.64,1.458
2020-02-21,13.033,5.895,3.578,14.637,423.507,58.746,4.448,0.43,1.08,3.721,156.479,45.976,41.574,52.311,4.512,12.106,43.01,1.37
2020-02-28,13.033,5.885,3.1,14.353,430.379,58.104,4.436,0.414,0.956,3.96,155.658,45.543,40.723,52.958,4.471,11.962,43.068,1.393
2020-03-06,13.031,5.84,2.697,14.249,441.113,57.868,4.47,0.462,1.224,3.805,154.501,44.68,40.776,52.45,4.523,12.072,43.036,1.368
2020-03-13,12.987,5.923,2.356,13.973,453.689,58.275,4.444,0.403,1.0,3.812,153.675,45.144,40.088,51.771,4.573,12.098,40.075,1.274
2020-03-20,12.731,6.062,1.981,13.797,469.226,59.878,4.43,0.442,0.902,3.304,155.474,46.303,39.613,52.67,4.613,12.275,36.419,1.187
2020-03-27,12.445,5.892,2.246,13.512,482.692,60.415,4.436,0.445,1.02,3.32,156.812,46.678,39.936,53.484,4.488,12.226,30.984,1.054
2020-04-03,12.293,6.139,2.764,13.232,496.078,60.619,4.379,0.415,1.275,3.279,156.881,46.25,40.626,52.85,4.566,12.589,29.467,1.01
2020-04-10,12.084,6.191,2.838,12.821,508.415,61.685,4.45,0.371,1.303,3.154,156.925,45.621,40.775,53.107,4.565,12.857,25.405,0.935
2020-04-17,11.791,5.804,2.224,12.384,525.145,61.353,4.569,0.484,1.357,3.349,157.151,45.664,40.547,53.35,4.552,13.038,20.455,0.799
2020-04-24,11.431,5.48,2.355,12.27,537.208,62.954,4.49,0.393,1.329,3.27,156.87,45.352,40.365,53.295,4.546,13.311,16.414,0.704
2020-05-01,11.067,5.649,2.47,12.564,548.097,65.141,4.522,0.38,1.171,3.252,157.437,44.93,40.437,54.285,4.389,13.397,15.211,0.661
2020-05-08,10.858,5.739,3.24,12.649,553.114,64.826,4.481,0.309,1.113,3.203,158.603,44.901,41.41,54.223,4.483,13.586,15.411,0.635
2020-05-15,10.58,5.836,2.791,12.957,558.576,64.398,4.503,0.39,0.972,2.916,161.84,45.637,40.349,57.144,4.61,14.1,13.578,0.593
2020-05-22,10.626,5.929,2.754,13.266,565.262,64.649,4.629,0.404,0.85,2.811,167.385,46.783,42.088,58.668,4.897,14.949,15.49,0.625
2020-05-29,10.536,6.057,3.353,13.228,567.871,62.168,4.635,0.327,0.971,3.062,170.571,48.06,43.306,58.263,5.024,15.918,15.126,0.616
2020-06-05,10.631,6.317,3.458,13.427,572.322,62.965,4.436,0.33,0.868,2.771,174.518,49.898,43.84,59.459,4.97,16.351,17.043,0.65
2020-06-12,10.686,6.084,3.576,13.822,572.773,66.384,4.478,0.317,0.973,2.756,178.113,51.904,44.615,59.564,5.186,16.845,17.157,0.641
2020-06-19,10.642,5.883,3.538,14.168,571.316,65.532,4.583,0.264,0.846,2.805,182.193,53.213,45.868,60.564,5.323,17.226,18.165,0.632
2020-06-26,10.652,5.739,3.573,14.24,562.752,64.815,4.539,0.292,0.951,3.19,183.266,52.752,46.483,61.28,5.3,17.451,17.782,0.582
2020-07-03,10.711,5.927,3.736,14.516,554.361,65.15,4.616,0.293,0.933,3.347,185.011,53.172,47.753,61.33,5.271,17.485,20.087,0.627
2020-07-10,10.752,6.286,3.382,14.752,547.802,66.37,4.528,0.286,1.164,3.265,185.425,54.535,48.153,60.027,5.271,17.439,20.588,0.626
2020-07-17,10.771,6.202,3.605,14.888,539.431,66.568,4.389,0.266,1.207,3.504,183.932,53.576,47.675,59.92,5.313,17.448,21.57,0.599
2020-07-24,10.804,5.677,3.106,14.845,532.157,63.243,4.427,0.277,1.36,3.375,181.852,53.159,47.011,58.906,5.235,17.54,23.755,0.637
2020-07-31,10.828,5.43,3.217,14.731,524.813,63.534,4.291,0.277,1.223,3.559,180.059,53.859,44.459,59.078,5.266,17.396,26.29,0.697
2020-08-07,10.878,5.42,3.261,14.588,518.158,65.937,4.321,0.268,1.218,3.336,178.423,54.097,43.904,58.22,5.086,17.115,27.219,0.72
2020-08-14,10.931,5.47,3.056,14.609,513.785,65.674,4.487,0.225,1.079,3.555,175.35,55.256,42.284,56.165,4.933,16.713,29.252,0.768
2020-08-21,10.724,5.538,3.069,14.556,509.423,63.469,4.335,0.321,1.041,3.504,172.709,54.801,42.437,54.364,4.772,16.335,32.366,0.842
2020-08-28,10.69,5.688,2.9,14.55,504.727,63.245,4.274,0.249,1.029,3.373,170.182,53.625,42.099,53.335,4.664,16.459,33.926,0.879
2020-09-04,10.68,5.726,2.628,14.444,502.219,61.308,4.251,0.275,0.959,3.409,169.697,54.513,42.439,51.766,4.79,16.19,35.591,0.919
2020-09-11,10.671,6.052,2.626,14.438,500.824,62.482,4.323,0.258,0.839,3.527,169.736,54.093,43.626,50.618,5.0,16.399,37.755,0.97
2020-09-18,10.616,5.93,2.398,14.303,503.167,60.974,4.357,0.36,0.716,3.509,171.03,54.488,43.879,51.146,5.059,16.458,39.364,1.009
2020-09-25,10.481,5.786,2.643,14.281,501.537,60.861,4.547,0.299,0.5,3.673,172.928,55.301,45.979,49.964,5.075,16.609,39.511,1.012
2020-10-02,10.49,5.963,2.396,14.264,502.139,59.705,4.661,0.261,0.5,3.633,176.99,56.948,46.659,51.598,5.127,16.659,41.106,1.05
2020-10-09,10.574,5.657,2.757,13.99,499.687,59.083,4.713,0.221,0.7,3.804,178.4,58.249,46.258,52.112,5.237,16.544,44.013,1.126
2020-10-16,10.437,5.833,2.476,13.616,501.858,60.781,4.726,0.263,0.579,3.923,180.262,59.553,46.518,52.584,5.184,16.423,43.765,1.136
2020-10-23,10.463,5.907,2.436,13.818,504.017,60.579,4.761,0.205,0.511,3.947,183.023,60.694,47.34,52.635,5.264,17.091,44.454,1.143
2020-10-30,10.405,5.908,2.385,13.789,505.452,59.648,4.678,0.21,0.867,3.914,183.443,61.17,47.38,52.709,5.355,16.829,43.456,1.13
2020-11-06,10.367,6.288,2.929,13.474,508.267,58.219,4.767,0.124,0.836,3.992,184.444,63.833,46.377,52.17,5.232,16.832,46.152,1.181
2020-11-13,10.269,6.104,3.064,13.378,510.164,56.236,4.662,0.189,0.935,4.126,183.23,63.933,46.0,51.207,5.153,16.937,46.984,1.19
2020-11-20,10.226,6.545,3.009,13.53,510.75,55.292,4.754,0.202,1.055,4.482,179.99,62.785,45.2,50.502,5.081,16.422,47.143,1.194
2020-11-27,10.282,6.393,3.178,13.501,510.151,55.997,4.859,0.159,1.154,4.594,176.029,61.227,44.695,48.731,5.087,16.289,48.147,1.247
2020-12-04,10.275,6.04,2.53,13.448,511.326,57.476,4.855,0.267,0.948,4.695,172.608,59.882,44.854,46.882,4.992,15.998,47.4,1.233
2020-12-11,10.331,6.053,2.63,13.77,512.743,56.924,4.816,0.223,0.95,5.109,167.574,58.102,44.306,45.016,4.894,15.256,47.153,1.25
2020-12-18,10.335,5.812,3.322,13.677,509.426,58.787,4.836,0.303,0.771,5.03,165.045,56.37,44.289,44.691,4.862,14.832,46.334,1.234
2020-12-25,10.286,5.691,3.315,13.653,504.42,57.72,4.557,0.286,1.156,4.963,159.354,54.145,42.587,43.406,4.855,14.361,46.323,1.22
2021-01-01,10.317,5.848,3.289,13.796,499.8,57.355,4.617,0.397,0.938,4.944,155.502,52.862,41.636,42.734,4.656,13.615,49.693,1.354
2021-01-08,10.255,6.01,3.412,13.947,493.597,55.501,4.626,0.44,0.834,4.654,153.553,52.958,40.544,42.028,4.627,13.397,50.078,1.352
2021-01-15,10.222,5.882,3.614,14.09,486.285,56.137,4.637,0.376,0.751,4.512,153.199,52.495,39.785,42.845,4.749,13.326,51.904,1.419
2021-01-22,10.12,6.137,2.906,14.272,481.454,57.704,4.711,0.329,0.625,4.385,154.722,52.217,39.836,43.911,4.798,13.961,51.845,1.456
2021-01-29,10.052,6.381,2.434,14.315,479.983,54.553,4.697,0.374,0.894,4.465,154.571,52.72,39.96,43.621,4.708,13.562,54.493,1.55
2021-02-05,9.944,6.64,2.624,14.397,478.75,53.431,4.587,0.36,1.248,4.394,152.428,51.099,39.909,43.427,4.634,13.358,54.789,1.579
2021-02-12,9.951,6.652,2.497,14.355,477.997,54.146,4.586,0.352,1.153,4.382,150.447,49.329,39.469,43.687,4.705,13.256,56.59,1.613
2021-02-19,9.819,6.848,3.002,14.375,475.19,51.577,4.602,0.423,0.967,4.519,150.015,49.298,39.21,43.651,4.733,13.123,58.501,1.666
2021-02-26,9.955,6.295,2.918,14.407,471.091,51.577,4.615,0.366,0.699,4.587,148.4,48.756,38.562,43.529,4.661,12.893,63.414,1.784
2021-03-05,10.025,6.201,2.364,14.46,470.24,52.139,4.628,0.364,0.742,4.472,148.862,47.233,39.392,44.425,4.614,13.198,65.341,1.822
2021-03-12,10.181,6.009,2.12,14.602,470.627,51.171,4.713,0.407,0.767,4.292,151.672,47.33,40.06,45.867,4.727,13.687,65.212,1.853
2021-03-19,10.299,6.076,1.48,14.703,473.999,50.758,4.588,0.431,0.743,4.43,151.192,46.798,39.758,46.053,4.826,13.757,66.873,1.886
2021-03-26,10.476,5.982,1.721,14.73,476.774,51.6,4.599,0.394,0.837,4.477,150.375,46.922,39.031,45.635,4.747,14.04,70.249,1.99
2021-04-02,10.572,6.0,1.927,14.653,478.82,52.32,4.706,0.354,0.934,4.126,150.965,46.385,38.935,46.47,4.762,14.414,68.554,1.962
2021-04-09,10.528,6.468,2.021,14.755,481.675,50.527,4.517,0.24,1.001,4.047,149.736,45.082,39.416,46.02,4.707,14.511,68.41,1.99
2021-04-16,10.603,6.396,2.546,14.859,482.581,48.415,4.537,0.183,0.972,4.054,149.1,45.067,39.378,45.608,4.651,14.397,68.88,1.997
2021-04-23,10.614,6.469,3.001,15.013,480.522,46.141,4.482,0.211,0.845,4.152,148.137,44.299,38.847,45.815,4.669,14.508,69.009,2.005
2021-04-30,10.682,6.389,2.953,15.479,475.221,46.249,4.457,0.206,0.973,4.247,145.788,43.049,38.458,45.482,4.574,14.225,68.981,2.001
2021-05-07,10.876,6.395,2.325,15.484,475.153,43.593,4.387,0.211,0.99,4.217,143.415,41.624,37.709,45.554,4.566,13.962,67.784,1.984
2021-05-14,10.998,6.387,2.648,15.67,473.51,42.54,4.398,0.266,1.117,4.238,140.072,39.768,37.795,44.651,4.417,13.442,70.394,2.011
2021-05-21,11.034,6.479,2.886,15.956,469.863,41.929,4.588,0.186,1.205,4.169,138.549,39.492,37.993,43.901,4.247,12.916,68.893,1.93
2021-05-28,11.062,6.712,3.003,16.076,468.191,40.616,4.46,0.172,0.988,3.992,136.669,38.747,37.22,43.773,4.193,12.735,69.428,1.963
2021-06-04,11.166,7.006,3.297,16.54,463.977,40.267,4.368,0.184,0.811,3.916,135.689,39.449,36.544,42.58,4.194,12.921,71.864,2.042
2021-06-11,11.119,6.951,2.887,16.474,463.511,42.342,4.287,0.143,0.765,3.891,133.587,38.002,36.759,42.205,4.213,12.407,72.395,2.095
2021-06-18,11.118,6.969,3.511,16.538,458.878,40.889,4.498,0.227,0.689,3.862,134.1,37.973,37.342,41.592,4.397,12.797,71.114,2.084
2021-06-25,11.18,6.601,3.118,16.427,455.454,39.222,4.472,0.265,0.865,3.541,136.21,39.441,37.671,41.428,4.605,13.066,69.691,2.115
2021-07-02,11.284,6.54,3.316,16.405,450.973,39.325,4.494,0.262,0.954,3.524,136.835,38.862,38.418,41.536,4.574,13.446,70.148,2.138
2021-07-09,11.339,6.716,2.757,16.471,451.083,38.395,4.481,0.342,1.123,3.584,136.47,38.795,37.797,42.169,4.502,13.206,69.672,2.161
2021-07-16,11.212,6.84,2.538,16.603,451.796,38.812,4.425,0.226,1.167,3.58,136.17,38.882,37.619,42.461,4.464,12.744,70.789,2.221
2021-07-23,11.27,6.794,3.099,16.613,448.784,37.585,4.448,0.216,1.18,3.586,136.411,39.374,37.017,42.746,4.494,12.781,69.286,2.244
2021-07-30,11.307,6.903,3.016,16.741,446.964,35.99,4.714,0.23,1.319,3.713,135.993,38.982,36.963,42.751,4.45,12.846,71.329,2.295
2021-08-06,11.36,6.901,3.282,16.618,444.624,32.865,4.834,0.172,1.336,3.568,136.268,39.477,36.973,42.211,4.62,12.987,72.091,2.305
2021-08-13,11.479,7.053,3.316,16.458,444.715,30.388,4.733,0.194,1.299,3.369,136.609,39.648,37.334,42.281,4.621,12.724,73.0,2.311
2021-08-20,11.357,6.971,3.242,16.76,442.448,28.009,4.791,0.137,1.453,3.421,137.03,39.576,37.676,42.241,4.676,12.861,74.956,2.413
2021-08-27,11.352,6.761,3.626,16.629,436.819,28.383,4.709,0.192,1.4,3.647,136.498,39.494,37.964,41.741,4.589,12.709,74.106,2.422
2021-09-03,11.422,6.741,3.455,16.332,434.406,26.608,4.563,0.258,1.303,3.982,133.126,38.998,36.691,40.455,4.489,12.493,73.409,2.432
2021-09-10,11.352,6.004,2.857,16.077,431.397,27.909,4.702,0.271,1.157,4.112,131.864,39.338,36.196,39.636,4.429,12.265,72.963,2.504
2021-09-17,11.483,6.14,2.673,15.817,429.545,27.442,4.83,0.167,1.242,3.864,131.112,38.826,35.524,39.874,4.432,12.456,73.133,2.524
2021-09-24,11.526,5.358,2.935,15.875,424.262,26.608,4.926,0.134,1.38,3.87,130.009,39.423,35.846,38.321,4.431,11.989,73.171,2.508
2021-10-01,11.592,5.153,3.099,15.716,419.223,25.122,4.87,0.196,1.323,3.96,128.422,39.112,35.836,37.433,4.342,11.699,72.504,2.505
2021-10-08,11.564,5.464,2.644,15.655,415.537,26.029,4.857,0.217,1.456,4.027,125.885,39.338,34.743,35.943,4.239,11.622,70.801,2.467
2021-10-15,11.629,5.716,2.534,15.575,415.689,25.153,4.931,0.088,1.136,4.145,123.938,39.159,34.395,34.973,4.207,11.203,70.975,2.502
2021-10-22,11.699,5.555,2.491,15.632,416.35,24.223,4.962,0.203,1.13,4.013,123.485,39.453,34.202,34.704,4.14,10.985,72.419,2.559
2021-10-29,11.71,5.522,2.524,15.445,415.52,25.84,4.918,0.237,1.128,4.07,121.388,39.354,33.771,33.545,3.998,10.721,73.257,2.596
2021-11-05,11.722,5.952,2.249,15.268,419.578,26.185,4.775,0.214,1.038,4.178,118.604,39.113,32.313,32.914,3.942,10.322,75.764,2.66
2021-11-12,11.737,5.887,2.255,15.33,421.873,25.782,4.818,0.297,1.371,4.334,114.479,37.611,30.974,32.032,3.8,10.062,78.921,2.805
2021-11-19,11.686,6.433,2.231,15.445,428.298,26.393,4.941,0.273,1.32,4.202,112.051,37.131,30.27,31.287,3.677,9.686,79.967,2.871
2021-11-26,11.691,6.376,2.665,15.507,430.312,26.155,4.836,0.254,1.235,4.173,109.75,36.78,29.063,30.79,3.586,9.531,81.265,2.928
2021-12-03,11.699,6.42,3.024,15.394,431.072,26.345,4.917,0.298,1.225,3.775,109.937,36.497,29.654,30.673,3.588,9.525,81.488,2.972
2021-12-10,11.73,6.722,3.028,15.533,433.446,25.147,4.955,0.412,0.953,3.791,112.327,37.47,30.523,31.02,3.661,9.654,85.683,3.11
2021-12-17,11.793,6.637,2.958,15.437,435.613,27.333,5.023,0.496,0.898,3.82,115.405,38.694,31.358,32.007,3.635,9.711,89.251,3.231
2021-12-24,11.722,6.321,3.064,15.396,434.126,26.137,5.088,0.493,1.082,3.764,116.997,39.567,30.999,32.697,3.691,10.043,91.627,3.336
2021-12-31,11.722,6.266,2.864,15.299,433.623,27.498,4.998,0.496,1.02,3.907,118.138,40.047,30.767,33.169,3.836,10.319,93.184,3.401
2022-01-07,11.821,6.241,2.607,15.557,433.993,26.637,4.842,0.516,0.945,3.984,117.902,39.192,30.667,34.202,3.786,10.054,94.116,3.46
2022-01-14,11.767,5.931,2.465,15.658,431.777,27.013,4.813,0.419,1.164,3.69,117.571,38.882,31.181,34.13,3.715,9.662,95.614,3.52
2022-01-21,11.721,5.93,2.445,15.727,427.838,27.202,4.916,0.445,1.344,3.847,116.284,38.512,30.67,33.915,3.751,9.435,96.674,3.545
2022-01-28,11.748,5.826,2.272,15.872,425.291,27.777,4.869,0.388,1.382,3.785,112.755,36.499,30.148,33.207,3.677,9.224,99.195,3.593
2022-02-04,11.809,6.114,2.534,16.215,420.455,26.02,4.815,0.399,1.286,3.956,111.421,35.929,29.809,32.741,3.714,9.228,100.385,3.653
2022-02-11,11.809,6.152,2.915,15.803,418.762,26.692,4.668,0.376,1.238,3.803,109.151,34.38,29.539,32.455,3.519,9.258,102.385,3.691
2022-02-18,11.89,6.117,2.527,15.614,419.193,28.046,4.87,0.395,1.128,3.885,107.383,33.397,29.482,31.931,3.54,9.033,101.574,3.688
2022-02-25,11.928,6.133,2.702,15.477,419.122,26.783,4.946,0.387,1.015,3.893,107.614,33.381,29.661,31.937,3.614,9.021,106.893,3.831
2022-03-04,11.959,6.222,2.771,15.332,420.374,26.065,5.0,0.203,0.919,3.986,106.018,32.314,28.915,32.045,3.69,9.054,109.53,3.894
2022-03-11,11.968,6.385,2.996,15.185,421.246,24.845,5.059,0.231,0.899,4.023,105.082,32.164,28.984,31.522,3.573,8.838,112.941,3.985
2022-03-18,12.084,6.165,3.072,15.192,421.909,24.033,5.069,0.277,0.829,3.985,104.751,31.431,29.088,31.805,3.49,8.938,115.83,4.064
2022-03-25,12.025,5.985,2.702,15.071,425.655,25.617,5.002,0.3,0.706,3.741,107.122,32.079,30.095,32.465,3.555,8.928,116.567,4.094
2022-04-01,11.872,6.317,2.466,15.224,431.637,23.866,4.953,0.286,0.839,3.547,108.661,32.583,29.518,34.214,3.512,8.834,118.542,4.133
2022-04-08,11.968,6.254,2.666,15.323,435.134,22.503,4.89,0.367,0.949,3.528,110.016,32.906,30.2,34.276,3.56,9.074,116.876,4.094
2022-04-15,11.922,5.987,3.128,15.491,433.404,24.189,5.114,0.356,1.228,3.596,111.194,33.265,30.887,34.132,3.691,9.219,120.119,4.202
2022-04-22,11.921,6.187,2.527,15.656,434.453,24.423,5.105,0.352,1.144,3.548,112.587,33.163,31.717,34.32,3.767,9.62,121.283,4.275
2022-04-29,11.994,6.355,2.815,15.831,433.897,26.225,5.006,0.38,1.203,3.7,112.199,32.257,31.722,35.125,3.754,9.34,121.221,4.297
2022-05-06,11.879,6.054,3.301,15.854,431.075,24.807,5.01,0.362,1.253,3.671,112.092,31.713,31.275,36.045,3.766,9.292,122.438,4.268
2022-05-13,11.81,6.203,3.29,16.275,424.613,24.277,4.882,0.277,1.22,3.532,113.166,31.699,31.694,36.473,3.808,9.492,119.844,4.203
2022-05-20,11.735,6.437,3.493,16.358,419.256,22.957,5.006,0.122,1.324,3.527,112.326,30.831,31.032,37.004,3.742,9.718,119.068,4.157
2022-05-27,11.725,6.547,3.281,16.135,415.836,22.754,4.911,0.104,1.413,3.598,109.914,29.748,30.542,36.585,3.694,9.346,121.331,4.205
2022-06-03,11.792,6.693,3.289,16.107,411.094,20.451,4.942,0.157,1.426,3.669,107.447,28.989,29.692,35.792,3.676,9.299,118.727,4.126
2022-06-10,11.853,6.369,2.847,15.982,411.209,21.284,5.011,0.137,1.355,3.972,104.565,28.498,28.264,34.885,3.638,9.279,119.949,4.144
2022-06-17,11.888,6.494,2.278,16.156,414.201,21.521,5.005,0.183,1.286,3.806,102.039,27.587,27.153,34.613,3.578,9.11,119.118,4.115
2022-06-24,11.817,6.455,2.811,16.279,414.028,21.261,4.976,0.185,1.098,3.768,100.657,27.13,26.202,34.852,3.437,9.035,120.539,4.136
2022-07-01,11.707,6.386,2.661,16.324,413.713,20.657,4.946,0.248,1.02,3.819,99.027,26.575,25.888,34.307,3.355,8.902,116.866,4.075
2022-07-08,11.763,6.629,2.707,16.725,415.333,20.161,4.918,0.212,0.982,3.788,97.675,26.525,25.325,33.811,3.304,8.709,117.502,4.094
2022-07-15,11.777,6.957,2.468,16.814,416.142,21.633,4.85,0.226,0.886,3.69,97.365,27.146,25.136,33.252,3.256,8.575,115.21,4.067
2022-07-22,11.846,7.288,2.272,16.894,420.537,20.806,4.81,0.24,1.012,3.447,97.734,27.11,24.931,33.822,3.19,8.682,112.634,4.032
2022-07-29,11.918,7.447,2.489,16.688,426.446,22.08,4.953,0.308,1.21,3.423,99.193,27.107,25.402,34.491,3.252,8.942,108.838,3.958
2022-08-05,11.942,7.26,2.499,16.488,432.131,24.902,4.928,0.187,1.095,3.319,100.435,27.619,25.699,34.932,3.215,8.969,105.896,3.847
2022-08-12,12.001,7.21,2.842,16.457,436.383,26.596,4.849,0.161,1.158,3.136,101.134,28.114,25.8,35.065,3.157,8.998,105.123,3.856
2022-08-19,12.018,7.26,3.142,16.424,438.64,24.745,4.813,0.213,1.036,3.145,102.633,28.947,25.287,35.817,3.297,9.285,102.014,3.772
2022-08-26,12.051,7.156,3.345,16.066,442.209,24.414,4.933,0.296,1.033,3.118,106.358,29.833,26.246,37.127,3.384,9.768,101.612,3.774
2022-09-02,12.004,7.072,3.486,16.004,445.033,25.286,4.992,0.293,0.98,3.365,109.301,31.356,26.844,37.873,3.433,9.796,98.743,3.677
2022-09-09,12.0,7.156,4.004,15.959,445.779,25.528,5.033,0.264,1.105,3.572,110.222,31.111,27.623,38.006,3.487,9.994,95.089,3.555
2022-09-16,12.021,7.026,3.627,15.868,448.622,24.343,4.994,0.301,1.039,3.504,111.609,31.689,28.389,37.853,3.535,10.142,92.57,3.529
2022-09-23,12.077,6.773,3.633,15.687,452.298,25.442,5.04,0.339,1.205,3.561,113.137,32.719,28.396,37.965,3.652,10.406,91.406,3.474
2022-09-30,12.05,6.638,3.996,15.57,453.697,25.971,4.969,0.305,1.174,3.357,114.317,33.551,28.525,38.233,3.698,10.311,89.574,3.444
2022-10-07,12.085,6.758,4.33,15.521,453.856,28.594,4.949,0.318,1.096,3.42,116.317,35.249,28.375,38.607,3.802,10.284,88.002,3.382
2022-10-14,12.068,6.714,3.794,15.518,455.624,28.393,5.045,0.378,0.955,3.621,119.739,36.534,29.809,39.026,3.962,10.408,87.342,3.321
2022-10-21,12.064,6.752,3.7,15.59,458.343,29.879,5.114,0.467,1.038,3.856,121.455,36.42,30.34,40.357,3.979,10.358,87.283,3.298
2022-10-28,12.119,6.853,4.13,15.722,459.622,28.474,5.004,0.478,1.187,3.804,121.924,37.503,30.848,39.549,3.904,10.12,84.927,3.192
2022-11-04,11.996,6.703,4.222,15.626,460.116,27.696,4.927,0.45,1.225,4.05,121.254,37.017,30.738,39.591,3.84,10.067,81.611,3.092
2022-11-11,11.941,6.832,4.204,15.531,461.057,29.083,4.953,0.425,1.511,3.842,120.167,36.768,31.064,38.41,3.832,10.093,80.272,3.02
2022-11-18,11.887,6.852,4.069,15.597,461.906,30.674,5.119,0.44,1.634,3.722,119.784,36.102,31.577,38.225,3.783,10.098,79.575,2.975
2022-11-25,11.794,6.513,3.914,15.683,460.855,29.786,4.923,0.416,1.506,3.943,119.227,35.077,31.614,38.95,3.809,9.777,76.053,2.88
2022-12-02,11.821,6.832,3.995,15.602,461.378,30.239,4.963,0.415,1.402,4.276,118.205,35.024,31.71,38.112,3.787,9.572,73.439,2.801
2022-12-09,11.946,6.661,3.9,15.727,462.815,29.14,4.844,0.347,1.421,4.356,115.312,34.497,30.902,36.827,3.709,9.377,72.54,2.734
2022-12-16,11.99,6.272,3.89,15.858,461.076,29.665,4.815,0.422,1.265,4.336,113.732,33.358,30.969,36.44,3.732,9.232,72.473,2.745
2022-12-23,12.059,6.098,3.922,16.011,458.342,31.288,4.813,0.349,1.401,3.975,112.812,33.27,31.045,35.633,3.683,9.181,71.59,2.719
2022-12-30,12.172,5.966,3.723,16.205,456.109,31.272,4.804,0.329,1.405,3.712,113.638,33.052,31.167,36.402,3.713,9.303,72.691,2.724
2023-01-06,12.283,6.101,3.93,15.96,454.481,31.548,4.784,0.341,1.394,3.845,113.8,33.54,30.97,36.114,3.752,9.424,70.8,2.685
2023-01-13,12.292,6.14,4.802,15.889,450.535,30.883,4.814,0.455,1.44,3.871,114.217,33.26,31.473,36.575,3.669,9.24,69.004,2.63
2023-01-20,12.39,6.162,4.094,15.823,451.162,30.966,4.785,0.412,1.612,3.767,115.495,33.12,32.713,36.538,3.711,9.413,68.929,2.606
2023-01-27,12.397,6.395,4.158,15.745,451.933,33.762,4.675,0.363,1.547,3.868,115.229,33.323,32.649,36.023,3.79,9.445,69.395,2.649
2023-02-03,12.353,6.524,3.885,15.59,455.169,34.23,4.786,0.328,1.458,3.951,115.538,32.989,32.785,36.423,3.824,9.517,68.242,2.605
2023-02-10,12.336,6.628,4.069,15.331,459.772,33.506,4.868,0.42,1.597,4.145,115.206,33.299,32.782,35.62,3.886,9.62,68.304,2.576
2023-02-17,12.275,6.737,4.058,15.353,463.445,33.766,4.938,0.246,1.638,4.164,113.992,32.403,32.285,36.009,3.716,9.579,68.542,2.549
2023-02-24,12.267,6.875,4.264,15.235,467.224,32.648,4.775,0.203,1.502,4.347,111.012,31.556,31.457,34.806,3.561,9.632,69.028,2.559
2023-03-03,12.297,6.393,4.554,15.267,468.556,32.479,4.807,0.372,1.436,4.291,109.973,31.126,31.741,33.997,3.548,9.561,69.614,2.528
2023-03-10,12.396,6.396,4.492,15.16,470.748,35.039,4.863,0.387,1.407,4.219,109.468,30.286,31.71,34.372,3.576,9.524,68.99,2.459
2023-03-17,12.535,6.005,4.725,15.034,468.277,35.519,4.75,0.303,1.406,4.342,107.643,29.163,31.532,34.002,3.528,9.417,70.895,2.468
2023-03-24,12.465,6.186,3.87,15.143,470.006,38.223,4.75,0.291,1.18,4.106,107.881,29.231,32.277,33.584,3.558,9.232,70.973,2.481
2023-03-31,12.521,6.328,4.366,15.23,467.134,38.285,4.735,0.285,0.976,4.516,106.647,28.022,31.413,34.383,3.532,9.298,69.359,2.443
2023-04-07,12.484,6.678,4.4,15.382,467.288,38.485,4.897,0.32,0.897,4.446,106.696,27.652,31.615,34.505,3.527,9.397,69.053,2.423
2023-04-14,12.551,6.995,4.639,15.766,465.025,39.473,5.031,0.4,0.823,4.384,109.24,28.593,31.761,35.555,3.577,9.754,69.033,2.431
2023-04-21,12.573,7.038,4.141,15.812,465.305,36.702,4.812,0.382,0.806,4.35,110.779,29.032,31.964,36.137,3.63,10.016,70.273,2.449
2023-04-28,12.493,6.922,3.861,15.906,464.702,37.735,5.01,0.314,0.957,4.533,110.557,28.476,31.412,37.023,3.702,9.945,69.464,2.404
2023-05-05,12.6,7.051,3.93,15.774,465.098,38.366,4.86,0.33,0.974,4.499,110.924,28.123,31.712,37.567,3.643,9.878,70.039,2.383
2023-05-12,12.599,6.935,3.938,15.665,465.031,40.644,4.908,0.259,1.034,4.083,113.093,28.264,32.546,38.167,3.718,10.398,70.064,2.37
2023-05-19,12.607,6.962,4.035,16.034,463.333,41.976,4.946,0.182,0.898,4.227,115.674,29.591,32.855,38.797,3.767,10.665,71.602,2.36
2023-05-26,12.587,7.205,4.354,15.977,460.801,40.818,4.798,0.079,0.887,4.06,116.318,30.107,32.808,38.945,3.803,10.656,72.902,2.35
2023-06-02,12.6,7.062,3.755,15.934,461.648,42.589,4.814,0.02,1.014,3.994,116.232,29.7,32.859,39.276,3.779,10.618,72.271,2.307
2023-06-09,12.681,7.237,4.098,16.073,459.189,42.434,4.776,0.02,1.12,3.716,116.476,30.266,32.5,39.011,3.78,10.918,72.722,2.277
2023-06-16,12.713,7.348,4.084,16.188,457.685,41.689,4.807,0.02,1.033,3.782,117.537,29.677,32.555,40.332,3.858,11.114,74.19,2.304
2023-06-23,12.775,7.077,4.01,16.165,457.356,40.568,4.805,0.02,1.078,3.645,118.867,29.943,33.351,40.578,3.892,11.102,74.798,2.297
2023-06-30,12.832,7.283,3.571,16.237,457.778,38.951,4.892,0.02,1.38,3.656,118.471,30.167,32.435,40.595,3.878,11.395,78.134,2.382
2023-07-07,12.94,7.384,3.813,16.52,456.662,39.293,4.863,0.02,1.334,3.605,118.606,30.61,32.727,39.904,3.791,11.574,79.214,2.364
2023-07-14,12.931,7.332,3.133,16.43,458.189,37.969,4.82,0.02,1.209,3.919,116.803,30.706,31.805,39.01,3.747,11.536,79.342,2.365
2023-07-21,12.861,7.097,3.508,16.254,457.862,36.482,4.903,0.02,1.176,4.183,115.798,30.921,31.561,38.256,3.763,11.297,79.955,2.375
2023-07-28,12.963,6.884,3.167,16.444,456.518,35.776,4.926,0.02,1.185,4.088,114.531,31.071,30.838,37.444,3.768,11.409,79.608,2.387
2023-08-04,12.966,6.781,3.358,16.506,453.635,35.143,4.961,0.026,1.161,4.019,114.291,31.023,31.26,36.846,3.777,11.384,81.688,2.433
2023-08-11,13.059,6.932,3.461,16.362,452.825,34.016,4.867,0.02,1.157,3.9,113.487,31.301,30.829,36.342,3.827,11.188,81.775,2.48
2023-08-18,13.096,6.718,3.93,16.076,448.964,33.534,4.761,0.1,0.971,4.046,113.229,31.407,30.062,36.677,3.948,11.135,84.706,2.564
2023-08-25,13.099,6.85,3.902,15.946,447.553,31.977,4.722,0.116,0.885,3.94,114.017,31.974,30.261,36.228,3.917,11.637,83.983,2.551
2023-09-01,13.135,6.581,3.726,15.92,445.728,29.966,4.69,0.13,0.922,3.847,115.214,32.98,30.52,36.081,3.877,11.757,85.59,2.603
2023-09-08,13.265,6.589,3.642,16.058,444.459,29.256,4.794,0.1,0.949,4.004,116.147,33.933,30.298,36.276,3.875,11.764,88.586,2.678
2023-09-15,13.382,6.66,4.109,15.818,442.25,26.945,4.898,0.121,0.919,3.894,118.854,34.354,31.26,37.536,3.917,11.787,87.215,2.669
2023-09-22,13.359,7.225,4.263,15.752,444.713,24.952,4.882,0.102,0.946,3.893,120.875,35.03,31.097,38.468,3.959,12.321,91.447,2.75
2023-09-29,13.352,6.832,4.111,15.8,443.817,24.936,5.016,0.141,0.999,3.653,124.726,36.749,31.639,39.462,4.095,12.781,92.415,2.766
2023-10-06,13.406,7.14,4.034,15.371,446.62,26.294,5.119,0.152,1.149,3.833,127.684,38.797,32.161,39.223,4.273,13.23,92.354,2.778
2023-10-13,13.314,7.091,3.575,15.535,449.255,25.659,5.103,0.125,1.141,4.182,128.348,39.37,32.86,38.493,4.394,13.232,92.869,2.815
2023-10-20,13.311,7.104,3.795,15.334,452.597,24.734,4.996,0.212,1.199,4.273,127.887,39.259,33.537,37.387,4.407,13.298,93.411,2.782
2023-10-27,13.288,7.047,3.327,15.402,458.71,26.175,5.128,0.253,1.123,4.47,128.061,39.16,33.795,37.746,4.486,12.873,93.35,2.802
2023-11-03,13.289,7.07,3.707,15.45,462.929,26.67,5.088,0.24,1.208,4.264,128.498,38.939,33.969,38.246,4.479,12.864,93.655,2.8
2023-11-10,13.221,6.953,3.825,15.621,464.478,26.605,5.074,0.265,1.25,4.278,128.487,40.228,33.022,37.924,4.401,12.911,93.585,2.743
2023-11-17,13.122,7.211,4.598,15.687,462.139,25.925,5.021,0.273,1.348,4.104,127.532,40.063,32.997,37.142,4.418,12.911,94.656,2.702
2023-11-24,13.013,6.994,4.171,15.309,460.501,26.171,4.929,0.238,1.407,4.083,126.06,39.355,33.516,36.225,4.247,12.717,93.867,2.668
2023-12-01,12.983,7.168,4.129,15.253,461.389,26.052,4.804,0.263,1.438,4.228,123.594,38.591,33.589,35.035,4.116,12.264,94.879,2.716
2023-12-08,12.999,6.916,4.658,15.354,457.778,25.322,4.892,0.246,1.373,4.239,122.317,37.82,33.424,34.971,4.091,12.012,93.915,2.709
2023-12-15,13.022,6.841,4.898,15.39,452.243,25.683,4.834,0.215,1.366,4.007,121.44,38.354,32.701,34.743,4.061,11.582,89.644,2.633
2023-12-22,13.174,6.558,4.523,15.522,448.465,26.194,5.132,0.153,1.468,3.836,122.722,38.392,32.667,36.417,4.067,11.178,91.944,2.688
2023-12-29,13.245,6.668,4.498,15.675,444.987,25.97,4.996,0.173,1.326,3.688,124.909,38.451,33.759,37.424,3.999,11.277,90.133,2.639
2024-01-05,13.178,6.975,4.41,15.767,442.61,27.27,4.869,0.24,1.215,3.867,126.377,38.973,33.363,38.754,4.032,11.255,91.182,2.677
2024-01-12,13.204,6.886,4.423,15.713,439.621,28.806,4.925,0.224,1.233,4.259,125.999,38.446,32.872,39.401,4.1,11.18,89.834,2.672
2024-01-19,13.178,6.79,4.138,15.417,438.813,29.756,5.059,0.386,1.277,4.457,124.716,37.835,32.951,38.762,4.042,11.127,90.486,2.708
2024-01-26,13.166,6.513,4.092,15.382,435.862,29.218,5.031,0.425,1.152,4.09,126.541,38.171,33.124,39.768,4.032,11.447,88.994,2.667
2024-02-02,13.184,6.489,3.602,15.475,435.758,29.994,5.052,0.478,1.149,4.321,127.028,37.71,33.133,40.457,4.024,11.705,89.259,2.69
2024-02-09,13.224,6.172,3.728,15.316,433.61,29.942,4.848,0.49,1.145,4.423,125.145,36.387,32.875,40.418,3.846,11.618,88.31,2.643
2024-02-16,13.199,6.071,3.923,15.439,429.204,28.528,4.787,0.556,0.865,4.1,126.941,36.464,33.459,41.314,3.913,11.792,89.752,2.653
2024-02-23,13.263,6.244,3.875,15.574,427.884,29.568,4.699,0.461,0.902,4.034,128.774,36.761,33.738,42.298,3.991,11.985,89.551,2.643
2024-03-01,13.182,6.626,3.419,15.563,429.337,29.893,4.552,0.285,0.939,4.198,127.611,36.311,33.001,42.422,3.925,11.953,89.754,2.681
2024-03-08,13.186,7.262,3.834,15.077,435.954,32.917,4.613,0.258,0.969,4.234,126.989,35.448,33.392,42.931,3.718,11.5,86.099,2.578
2024-03-15,13.345,7.028,3.978,14.961,442.301,34.159,4.446,0.289,1.198,3.957,124.984,35.333,32.857,41.612,3.694,11.488,85.333,2.54
2024-03-22,13.329,7.288,3.766,15.353,447.5,34.404,4.392,0.289,1.039,4.035,124.155,33.986,33.118,42.478,3.604,10.969,85.496,2.573
2024-03-29,13.389,7.238,3.728,15.315,454.04,34.164,4.418,0.293,0.963,3.649,124.599,33.649,33.623,42.72,3.667,10.941,85.619,2.603
2024-04-05,13.357,7.114,3.331,15.088,461.855,33.95,4.409,0.351,0.67,3.639,126.726,34.561,34.116,43.085,3.717,11.246,86.309,2.601
2024-04-12,13.36,7.146,3.155,15.411,468.186,32.567,4.511,0.343,0.712,3.842,127.539,34.977,34.207,43.354,3.711,11.29,84.787,2.585
2024-04-19,13.325,7.093,3.159,15.511,475.184,30.724,4.582,0.357,0.758,3.817,129.802,35.642,35.54,43.341,3.802,11.477,83.316,2.561
2024-04-26,13.29,7.063,3.692,15.783,477.515,30.275,4.691,0.27,0.78,3.707,131.758,36.606,35.881,43.613,3.923,11.735,83.398,2.546
2024-05-03,13.225,6.928,3.556,15.904,479.201,30.895,4.765,0.189,1.008,3.836,131.963,37.072,35.184,43.602,4.017,12.089,78.933,2.432
2024-05-10,13.246,6.603,3.831,16.057,479.289,29.2,4.858,0.272,1.158,3.946,132.719,37.442,35.362,43.883,4.027,12.004,78.562,2.383
2024-05-17,13.186,6.313,3.696,16.193,474.777,29.634,4.829,0.253,1.177,4.083,132.335,36.848,35.016,44.538,4.031,11.901,76.727,2.316
2024-05-24,13.228,6.564,3.823,16.377,471.604,30.379,4.834,0.197,1.133,4.119,131.804,36.511,34.773,44.696,3.968,11.856,74.413,2.238
2024-05-31,13.288,6.562,3.807,16.784,465.527,31.083,4.857,0.15,1.281,4.177,129.485,35.633,34.277,43.903,3.841,11.831,73.833,2.2
2024-06-07,13.292,6.489,4.098,16.931,458.508,31.227,4.843,0.11,1.263,4.166,127.224,35.695,33.282,42.832,3.669,11.746,74.891,2.198
2024-06-14,13.268,6.563,3.907,16.676,451.62,31.039,4.785,0.075,1.145,4.082,125.484,35.51,32.666,42.216,3.75,11.342,75.612,2.21
2024-06-21,13.296,6.795,3.442,16.782,447.757,33.088,4.747,0.02,0.935,3.986,125.185,35.186,31.752,43.22,3.795,11.233,74.822,2.2
2024-06-28,13.274,6.843,3.126,16.972,443.757,33.485,4.675,0.02,0.933,3.858,125.516,35.124,31.513,43.698,3.828,11.352,75.974,2.229
2024-07-05,13.334,6.695,3.127,17.128,438.942,32.385,4.732,0.02,1.087,3.601,126.055,35.202,31.663,43.715,3.866,11.61,76.819,2.216
2024-07-12,13.218,6.989,2.915,16.998,438.318,31.973,4.733,0.02,1.408,3.439,126.678,35.688,31.578,43.808,3.83,11.775,76.647,2.217
2024-07-19,13.217,7.299,3.243,17.117,437.909,31.614,4.686,0.068,1.378,3.42,127.11,36.027,32.205,43.412,3.804,11.662,75.881,2.19
2024-07-26,13.12,7.304,3.242,17.157,435.963,30.44,4.652,0.098,1.246,3.493,127.397,36.372,32.206,43.018,3.893,11.909,75.359,2.206
2024-08-02,13.074,7.41,4.093,17.411,427.846,29.426,4.579,0.122,1.086,3.747,127.614,36.042,33.125,42.624,3.91,11.914,76.533,2.257
2024-08-09,13.211,7.55,3.539,17.091,426.362,30.499,4.721,0.088,1.185,3.72,128.482,36.706,33.053,42.809,3.885,12.029,76.414,2.266
2024-08-16,13.295,7.633,3.679,16.843,427.726,29.711,4.757,0.097,0.963,3.871,130.071,37.452,33.548,42.996,3.875,12.2,75.121,2.224
2024-08-23,13.267,7.582,3.39,16.647,428.968,28.264,4.705,0.133,1.086,4.01,129.861,37.689,34.189,41.848,3.94,12.195,72.712,2.179
2024-08-30,13.201,7.532,3.35,16.437,431.73,28.191,4.818,0.183,1.22,3.919,129.634,37.898,33.925,41.934,3.948,11.929,73.869,2.205
2024-09-06,13.062,7.47,3.507,16.183,431.909,28.236,4.788,0.182,1.278,3.986,128.501,38.737,33.575,40.649,3.817,11.723,73.201,2.175
2024-09-13,13.098,7.06,2.893,15.678,435.99,25.899,4.692,0.248,1.24,3.912,128.125,38.536,33.752,40.674,3.748,11.415,74.498,2.235
2024-09-20,13.308,7.123,3.169,15.604,440.616,26.081,4.836,0.244,1.311,4.112,127.577,38.934,33.177,40.494,3.686,11.287,76.066,2.295
2024-09-27,13.358,6.716,3.89,15.652,439.441,27.153,4.815,0.287,1.317,4.17,126.14,39.139,33.247,38.755,3.656,11.343,73.721,2.259
2024-10-04,13.342,6.509,3.76,15.55,437.31,27.478,4.812,0.254,1.199,3.931,126.226,38.969,33.629,38.729,3.688,11.212,73.313,2.244
2024-10-11,13.392,6.801,3.869,15.827,434.907,29.622,4.853,0.157,1.447,3.963,124.483,38.718,33.9,37.087,3.628,11.151,72.551,2.259
2024-10-18,13.313,6.928,4.185,15.759,432.962,30.187,4.987,0.197,1.359,4.234,122.515,37.842,33.515,36.495,3.597,11.065,72.837,2.267
2024-10-25,13.328,7.168,4.081,15.897,432.144,30.784,4.995,0.256,1.435,4.165,120.96,37.212,33.646,35.708,3.559,10.835,73.68,2.308
2024-11-01,13.366,6.97,3.873,15.857,432.008,32.674,4.894,0.297,1.081,4.216,120.73,36.76,33.227,36.342,3.592,10.81,70.871,2.238
2024-11-08,13.388,6.614,3.197,15.917,433.305,31.866,4.971,0.324,1.279,4.278,120.449,37.126,32.514,36.54,3.546,10.723,71.531,2.262
2024-11-15,13.46,6.527,3.531,15.89,431.573,30.492,4.941,0.305,1.462,4.079,119.05,36.432,33.059,35.353,3.676,10.53,72.772,2.247
2024-11-22,13.493,6.531,3.572,16.041,428.709,30.212,5.13,0.266,1.422,4.171,118.283,37.037,32.56,34.368,3.671,10.648,72.256,2.25
2024-11-29,13.542,6.526,3.334,15.971,428.837,28.228,5.112,0.311,1.46,3.944,118.071,37.39,32.045,34.091,3.638,10.907,71.805,2.264
2024-12-06,13.501,6.754,3.485,15.988,428.603,27.3,4.896,0.341,1.489,3.887,117.865,37.027,32.636,33.747,3.618,10.836,71.974,2.277
2024-12-13,13.551,6.605,3.393,15.987,429.86,25.655,4.956,0.311,1.358,4.115,117.591,36.571,32.784,34.272,3.544,10.421,72.119,2.326
2024-12-20,13.634,6.643,3.335,15.89,432.802,25.415,5.146,0.38,1.407,4.182,118.062,36.226,33.248,34.766,3.493,10.329,72.353,2.311
2024-12-27,13.544,6.379,3.629,15.916,433.987,23.995,5.263,0.325,1.271,4.13,118.951,36.284,33.528,35.257,3.5,10.381,72.853,2.323
2025-01-03,13.475,6.484,3.28,16.208,435.059,22.747,5.378,0.297,1.188,4.207,120.404,36.775,33.342,36.047,3.481,10.76,71.42,2.28
2025-01-10,13.554,6.471,3.716,16.061,435.077,23.214,5.212,0.397,1.348,4.185,120.486,36.795,33.243,36.258,3.515,10.674,72.425,2.3
2025-01-17,13.524,6.296,3.331,16.041,436.8,22.973,5.25,0.433,1.456,4.177,120.714,36.63,32.96,37.117,3.512,10.495,73.536,2.355
2025-01-24,13.595,6.271,3.244,16.141,438.261,20.805,5.132,0.394,1.324,4.269,120.179,36.039,32.929,37.523,3.456,10.233,73.018,2.375
2025-01-31,13.54,6.264,3.949,16.195,436.019,19.581,5.119,0.396,1.216,4.117,120.725,36.456,32.322,38.08,3.517,10.351,70.157,2.285
2025-02-07,13.609,6.243,4.274,16.059,430.51,18.934,4.972,0.389,1.141,4.113,120.991,36.329,32.211,38.242,3.717,10.491,69.675,2.251
2025-02-14,13.585,6.677,4.224,15.582,431.536,18.699,4.907,0.222,1.26,4.047,119.669,35.085,31.89,38.775,3.592,10.327,69.652,2.216
2025-02-21,13.572,6.616,3.873,15.63,434.073,19.93,4.85,0.187,1.131,3.785,119.424,34.845,32.214,38.608,3.568,10.189,67.996,2.203
2025-02-28,13.639,6.539,3.715,15.254,437.549,20.693,4.943,0.204,1.204,3.674,119.953,34.964,32.27,38.761,3.549,10.409,67.388,2.205
2025-03-07,13.576,6.072,3.769,15.506,436.572,22.226,5.006,0.198,1.313,3.976,119.76,34.121,33.222,38.13,3.582,10.705,65.506,2.152
2025-03-14,13.491,5.967,3.801,15.515,434.782,23.101,5.007,0.224,1.293,4.021,119.94,34.443,32.998,38.323,3.501,10.674,66.946,2.146
2025-03-21,13.451,6.025,3.788,15.656,433.451,24.145,4.858,0.291,1.419,3.776,118.288,33.86,32.314,38.063,3.502,10.549,68.024,2.138
2025-03-28,13.473,5.982,3.795,15.494,434.333,24.462,4.83,0.262,1.35,3.538,117.857,33.815,31.649,38.298,3.471,10.625,65.876,2.096
2025-04-04,13.368,6.405,3.745,15.284,438.416,24.269,4.766,0.195,1.307,3.568,117.143,33.203,31.645,38.065,3.582,10.648,66.438,2.118
2025-04-11,13.416,6.407,3.337,15.408,441.935,25.086,4.859,0.215,1.173,3.853,116.795,32.201,32.095,38.258,3.635,10.606,66.216,2.062
2025-04-18,13.383,6.73,3.287,15.487,447.918,25.534,4.959,0.192,1.326,3.794,116.883,32.183,32.319,38.155,3.566,10.66,67.235,2.08
2025-04-25,13.456,6.722,3.676,15.507,452.247,25.287,5.027,0.181,1.216,3.979,116.714,31.566,32.273,38.553,3.539,10.783,67.01,2.106
2025-05-02,13.302,6.712,3.302,15.638,456.949,26.066,4.918,0.163,1.274,3.968,115.453,31.249,31.238,38.653,3.455,10.857,66.232,2.086
2025-05-09,13.275,6.678,3.357,16.172,458.393,22.704,4.651,0.285,1.266,3.973,113.705,30.46,30.962,38.065,3.449,10.77,65.331,2.091
2025-05-16,13.198,6.672,3.211,16.338,459.123,22.266,4.525,0.134,1.132,3.683,112.107,29.909,30.338,38.087,3.305,10.467,64.424,2.075
2025-05-23,13.187,7.046,3.373,16.527,461.041,21.892,4.712,0.114,1.083,3.811,111.185,29.413,30.025,38.135,3.239,10.374,64.343,2.041
2025-05-30,13.242,6.457,3.352,16.671,459.246,23.189,4.697,0.118,1.303,3.706,109.744,29.407,29.46,37.482,3.178,10.218,64.044,2.02
2025-06-06,13.26,6.056,3.895,16.9,450.286,24.68,4.656,0.077,1.326,3.811,106.521,28.131,28.415,36.785,3.15,10.04,63.426,1.997
2025-06-13,13.288,6.048,4.037,16.854,441.794,22.541,4.839,0.135,1.186,3.624,106.375,28.935,28.497,35.782,3.196,9.965,62.667,1.965
2025-06-20,13.32,6.161,3.606,16.547,437.695,23.97,4.953,0.177,1.246,3.631,106.733,29.942,27.802,35.896,3.27,9.822,62.448,1.951
2025-06-27,13.37,6.398,3.855,16.586,433.332,22.264,4.935,0.163,1.235,3.664,107.764,31.183,27.767,35.619,3.354,9.841,66.067,2.082
2025-07-04,13.34,6.536,3.62,16.765,430.624,20.925,4.894,0.14,1.694,3.611,106.248,31.464,27.31,34.688,3.318,9.468,64.744,2.036
2025-07-11,13.422,6.453,3.504,16.634,428.693,20.959,4.878,0.13,1.649,3.659,105.704,31.535,28.046,33.67,3.371,9.081,64.354,2.06
2025-07-18,13.489,6.692,3.681,16.635,427.76,20.91,4.901,0.124,1.528,3.593,104.975,31.656,28.032,33.061,3.264,8.962,69.975,2.205
2025-07-25,13.528,6.88,3.584,16.542,429.215,19.521,5.046,0.122,1.664,3.483,105.055,31.596,27.221,33.785,3.165,9.288,71.142,2.236
2025-08-01,13.573,6.84,3.923,16.775,426.51,20.855,5.06,0.115,1.35,3.759,106.422,31.366,28.107,34.05,3.233,9.667,69.418,2.208
2025-08-08,13.597,6.973,3.697,16.824,427.333,21.97,5.101,0.136,1.35,3.895,105.783,31.584,28.096,33.631,3.126,9.345,70.968,2.229
2025-08-15,13.723,6.922,3.565,16.823,428.83,23.289,5.178,0.182,1.597,3.721,107.314,32.32,27.64,34.829,3.138,9.388,69.902,2.229
2025-08-22,13.7,6.691,3.451,16.792,429.494,22.724,5.032,0.112,1.521,3.8,106.195,32.444,26.567,34.858,3.151,9.176,71.329,2.229
2025-08-29,13.671,6.778,3.388,16.643,433.553,22.72,5.093,0.068,1.25,3.659,108.4,33.077,27.411,35.364,3.272,9.275,71.012,2.246
2025-09-05,13.624,6.712,3.84,16.535,434.509,22.743,5.05,0.02,1.207,3.483,110.31,33.646,28.475,35.519,3.394,9.276,70.187,2.185
2025-09-12,13.573,6.628,4.063,16.22,436.582,24.666,4.82,0.086,1.413,3.704,110.16,32.978,29.186,35.321,3.443,9.232,72.676,2.249
2025-09-19,13.523,6.879,4.568,15.8,438.703,21.246,4.673,0.127,1.438,3.45,111.612,34.188,29.258,35.322,3.511,9.334,73.068,2.296
2025-09-26,13.507,6.21,5.142,15.8,435.465,20.59,4.66,0.176,1.3,3.675,110.056,33.237,29.709,34.418,3.449,9.243,73.849,2.33
2025-10-03,13.547,5.895,4.613,15.817,433.969,21.14,4.791,0.112,1.21,3.673,110.717,33.853,28.942,35.054,3.484,9.383,73.91,2.323
2025-10-10,13.606,5.688,4.523,15.958,430.051,20.395,4.861,0.24,1.155,3.685,111.311,33.852,28.978,35.651,3.474,9.354,72.402,2.264
2025-10-17,13.639,5.698,4.08,16.123,428.583,20.724,4.925,0.213,1.23,3.801,112.204,34.184,29.538,35.379,3.552,9.552,72.829,2.266
2025-10-24,13.62,5.724,3.847,16.257,428.64,21.148,5.138,0.237,1.417,3.927,112.402,34.505,30.106,34.746,3.699,9.345,73.827,2.312
2025-10-31,13.707,5.465,3.707,15.984,428.003,20.918,5.02,0.296,1.53,3.809,112.547,34.558,30.767,34.395,3.712,9.116,73.247,2.264
2025-11-07,13.771,5.367,3.469,15.871,430.586,21.544,5.039,0.244,1.543,3.966,111.264,34.414,30.58,33.935,3.658,8.676,75.57,2.35
2025-11-14,13.771,5.311,3.283,15.914,433.44,22.68,5.085,0.229,1.322,4.0,111.877,34.255,30.286,34.847,3.654,8.836,76.17,2.385
2025-11-21,13.745,5.993,3.408,16.265,437.506,22.653,5.028,0.258,1.145,3.811,112.994,33.847,30.575,36.157,3.692,8.722,76.199,2.392
2025-11-28,13.799,6.39,3.189,16.398,444.143,22.409,5.052,0.43,1.245,3.837,115.669,33.98,31.964,37.123,3.869,8.732,76.059,2.409
2025-12-05,13.823,6.218,3.634,16.459,448.363,22.545,4.924,0.428,1.082,4.108,116.357,33.766,31.956,37.712,4.002,8.92,75.648,2.415
2025-12-12,13.748,6.088,3.464,16.288,454.821,22.843,5.092,0.499,1.097,4.373,116.415,34.745,30.969,37.995,4.004,8.702,73.598,2.364
2025-12-19,13.774,5.809,4.449,16.081,454.37,21.191,5.037,0.535,1.177,4.432,116.995,35.549,31.266,37.27,4.023,8.887,72.993,2.329
2025-12-26,13.817,5.417,4.261,16.169,453.154,22.306,5.236,0.517,1.055,4.173,119.341,36.299,31.884,38.008,4.174,8.976,72.83,2.339
2026-01-02,13.766,5.496,4.269,15.96,454.093,22.211,5.207,0.428,0.972,4.233,122.108,36.966,32.351,39.086,4.319,9.386,71.694,2.298
2026-01-09,13.789,5.362,3.876,15.919,454.52,23.802,5.288,0.469,1.026,4.343,122.827,37.426,32.953,38.303,4.386,9.759,71.494,2.279
2026-01-16,13.709,5.455,4.466,15.901,454.094,24.307,5.255,0.36,1.148,4.408,120.941,36.962,32.49,37.755,4.336,9.398,71.151,2.289
2026-01-23,13.811,5.196,4.765,16.136,448.636,25.318,5.231,0.443,1.318,4.467,118.636,35.924,31.98,37.254,4.202,9.276,71.54,2.336
2026-01-30,13.887,5.172,4.762,16.026,445.379,23.696,5.161,0.43,1.394,4.443,115.839,34.922,30.455,37.278,4.042,9.143,72.516,2.357
2026-02-06,13.857,5.354,4.27,15.618,446.454,23.071,5.167,0.262,1.387,4.35,113.389,33.677,30.482,36.403,3.912,8.914,72.85,2.364
2026-02-13,13.869,5.548,4.348,15.727,447.263,21.583,5.19,0.252,1.274,4.184,111.763,32.844,30.67,35.566,3.771,8.912,70.941,2.272
2026-02-20,13.711,5.715,4.014,15.63,450.003,20.952,5.107,0.296,1.142,3.84,112.106,32.639,30.792,36.005,3.847,8.823,73.519,2.337
2026-02-27,13.659,5.467,4.526,15.661,448.37,22.57,5.1,0.281,1.109,3.916,111.911,32.807,30.903,35.359,3.818,9.024,73.342,2.344
2026-03-06,13.669,5.749,4.744,15.669,446.141,24.092,5.05,0.318,1.203,3.946,111.114,32.124,31.129,35.05,3.796,9.016,73.938,2.398
2026-03-13,13.629,5.611,4.707,15.652,443.849,22.38,5.27,0.259,1.269,4.023,110.572,31.875,30.37,35.515,3.754,9.059,73.975,2.4
2026-03-20,13.704,5.817,3.923,15.807,445.238,21.738,5.232,0.184,1.004,3.775,111.364,31.601,30.719,35.946,3.779,9.319,73.398,2.393
2026-03-27,13.84,5.842,3.735,15.597,448.96,21.614,5.347,0.19,0.964,3.886,112.255,31.618,30.273,37.045,3.781,9.538,75.61,2.474
2026-04-03,13.758,5.562,4.089,15.604,448.081,22.213,5.283,0.197,1.191,4.194,110.603,31.699,29.875,35.765,3.73,9.535,77.077,2.498
2026-04-10,13.711,5.572,4.509,15.812,444.92,20.047,5.272,0.179,1.226,4.118,109.101,31.097,29.071,35.635,3.693,9.606,77.629,2.483
2026-04-17,13.738,5.731,4.813,15.81,440.688,18.449,5.122,0.249,1.06,4.028,108.137,31.082,28.337,35.39,3.638,9.69,77.529,2.533
2026-04-24,13.841,5.913,4.244,15.689,439.617,19.435,5.081,0.188,1.417,4.01,105.361,29.02,28.153,35.062,3.479,9.648,78.482,2.526
2026-05-01,13.752,5.892,4.355,15.964,435.933,17.504,5.109,0.201,1.393,4.265,102.679,27.815,27.356,34.659,3.436,9.414,78.219,2.507
2026-05-08,13.769,6.221,4.658,16.283,430.536,17.575,5.256,0.195,1.428,3.976,102.686,27.579,27.302,35.052,3.311,9.442,77.39,2.482
2026-05-15,13.876,6.363,4.096,16.395,430.703,18.263,5.253,0.1,1.458,3.937,102.44,28.003,26.092,35.588,3.261,9.496,77.91,2.504
2026-05-22,13.753,6.193,4.141,16.225,429.645,19.055,5.357,0.034,1.383,3.741,102.272,27.335,26.146,35.932,3.279,9.58,77.668,2.497
2026-05-29,13.675,6.272,4.26,16.516,426.405,19.038,5.376,0.054,1.276,3.623,103.887,27.463,26.553,37.032,3.33,9.509,78.575,2.515
2026-06-05,13.664,6.589,4.0,16.416,421.101,18.428,5.484,0.177,1.56,3.606,104.679,28.265,26.765,36.705,3.274,9.671,78.996,2.534
2026-06-12,13.648,6.842,3.289,16.649,415.471,19.172,5.421,0.197,1.643,3.815,104.435,28.333,26.241,36.725,3.304,9.832,80.235,2.555
2026-06-19,13.715,6.335,3.141,16.669,411.008,19.051,5.595,0.086,1.686,4.055,106.769,28.807,26.85,37.868,3.366,9.878,80.002,2.594
2026-06-26,13.734,5.987,2.985,16.65,409.0,18.629,5.479,0.02,1.688,4.032,107.4,29.286,27.257,37.325,3.458,10.073,80.97,2.609
